<?xml version="1.0" encoding="UTF-8"?>
<rss version="2.0"
	xmlns:excerpt="http://wordpress.org/export/1.0/excerpt/"
	xmlns:content="http://purl.org/rss/1.0/modules/content/"
	xmlns:wfw="http://wellformedweb.org/CommentAPI/"
	xmlns:dc="http://purl.org/dc/elements/1.1/"
	xmlns:wp="http://wordpress.org/export/1.0/"
>

<channel>
	<title>Save UEA Music</title>
	<link></link>
	<description>Statements of Support</description>
	<pubDate>Mon Oct 31 06:09:25 -0700 2011</pubDate>
	<generator>http://posterous.com</generator>
	<language>en</language>
	<wp:wxr_version>1.0</wp:wxr_version>
	<wp:base_site_url>http://support.saveueamusic.org</wp:base_site_url>
	<wp:base_blog_url>http://support.saveueamusic.org</wp:base_blog_url>
	
	<image>
		<url>http://files.posterous.com/user_profile_pics/1594075/Logosmaller.png</url>
		<title>Save UEA Music</title>
		<link>http://support.saveueamusic.org</link>
	</image>
	
