<item>
	<title>Paul Burrows</title>
	<link>http://support.saveueamusic.org/78057028</link>
	<pubDate>Mon Oct 31 13:57:00 -0700 2011</pubDate>
	
	<dc:creator><![CDATA[saveueamusic]]></dc:creator>
	
	

	<category><![CDATA[Uncategorized]]></category>

	<category domain="category" nicename="uncategorized"><![CDATA[Uncategorized]]></category>

  <guid isPermaLink="false">http://support.saveueamusic.org/78057028</guid>
	<description></description>
	<content:encoded><![CDATA[<blockquote class="posterous_medium_quote">
<p>The proposal to close UEA Music fails to recognise the importance of the department, not only to its own students, but also to the whole of Norfolk and East Anglia. The UEA music course is very highly regarded and was ranked 5th in the Guardian&rsquo;s 2010 University Guide &ndash; above many Conservatoires. We urge the University&rsquo;s governing council to oppose this short-sighted proposal.</p>
</blockquote>
<p><em>Paul Burrows, MU Regional Organiser</em></p>]]></content:encoded>
	<excerpt:encoded><![CDATA[The proposal to close UEA Music fails to recognise the importance of the department, not only to its own students, but also to the whole of Norfolk and East Anglia. The UEA music course is very highly regarded and was ranked 5th in the Guardian’s ...]]></excerpt:encoded>	

	<wp:post_date>Mon Oct 31 13:57:00 -0700 2011</wp:post_date>
	<wp:post_date_gmt>Mon Oct 31 13:57:00 -0700 2011</wp:post_date_gmt>
	<wp:comment_status>open</wp:comment_status>
	<wp:ping_status>open</wp:ping_status>
	<wp:post_id>78057028</wp:post_id>
	<wp:post_name>78057028</wp:post_name>
	<wp:status>publish</wp:status>
	<wp:post_parent>0</wp:post_parent>
	<wp:menu_order>0</wp:menu_order>
	<wp:post_type>post</wp:post_type>
	<wp:post_password></wp:post_password>
	<wp:is_sticky>0</wp:is_sticky>

	
</item>
