<item>
	<title>Michael Casey &amp; James Wright</title>
	<link>http://support.saveueamusic.org/78208086</link>
	<pubDate>Tue Nov 01 15:48:00 -0700 2011</pubDate>
	
	<dc:creator><![CDATA[saveueamusic]]></dc:creator>
	
	

	<category><![CDATA[Uncategorized]]></category>

	<category domain="category" nicename="uncategorized"><![CDATA[Uncategorized]]></category>

  <guid isPermaLink="false">http://support.saveueamusic.org/78208086</guid>
	<description></description>
	<content:encoded><![CDATA[<blockquote>The <a href="http://www.menc.org/resources/view/harris-poll-links-music-education-to-higher-incomes">Harris Poll</a> linked music education to post-graduate study (9 out of 10) and higher incomes. Improved academic performance across a range of disciplines is correlated with the study of musical instrument performance. It will be interesting to see if UEA continues to attract those excellent students if it does not have a music department to anchor co-curricular and extra-curricular activities. In this competitive world, a world-class education involves nurturing multiple aspects of mind and brain. Which other serious research universities are abandoning the arts?</blockquote>
<p><em>Michael Casey, B.A. (Hons) UEA, M.A. Dartmouth, Ph.D. (MIT)</em><br /><em>James Wright, Professor of Music Chair, Department of Music Adj. Professor of Computer Science Dartmouth College, USA</em></p>]]></content:encoded>
	<excerpt:encoded><![CDATA[The Harris Poll linked music education to post-graduate study (9 out of 10) and higher incomes. Improved academic performance across a range of disciplines is correlated with the study of musical instrument performance. It will be interesting to s...]]></excerpt:encoded>	

	<wp:post_date>Tue Nov 01 15:48:00 -0700 2011</wp:post_date>
	<wp:post_date_gmt>Tue Nov 01 15:48:00 -0700 2011</wp:post_date_gmt>
	<wp:comment_status>open</wp:comment_status>
	<wp:ping_status>open</wp:ping_status>
	<wp:post_id>78208086</wp:post_id>
	<wp:post_name>78208086</wp:post_name>
	<wp:status>publish</wp:status>
	<wp:post_parent>0</wp:post_parent>
	<wp:menu_order>0</wp:menu_order>
	<wp:post_type>post</wp:post_type>
	<wp:post_password></wp:post_password>
	<wp:is_sticky>0</wp:is_sticky>

	
</item>
