<item>
	<title>Liam Wells</title>
	<link>http://support.saveueamusic.org/78296659</link>
	<pubDate>Wed Nov 02 05:13:00 -0700 2011</pubDate>
	
	<dc:creator><![CDATA[saveueamusic]]></dc:creator>
	
	

	<category><![CDATA[Uncategorized]]></category>

	<category domain="category" nicename="uncategorized"><![CDATA[Uncategorized]]></category>

  <guid isPermaLink="false">http://support.saveueamusic.org/78296659</guid>
	<description></description>
	<content:encoded><![CDATA[<blockquote>
<p>I&rsquo;ve read the report. I understand the potential concerns of the panel. Objectively however, should it not be the responsibility of the senior management to support and provide the leadership and resources to assist the department in developing research income, if this is the desire of the institution?</p>
<p>At least should the report not attempt to make more of the strengths of the department and use these as a starting point to support the development of Music at the UEA in the context of a challenging HE landscape.</p>
<p>I was a research student in the School for 3 years. I saw nothing in that time that suggested anything less than a high quality research culture.</p>
<p>There are levels and layers of research, and not all of these are REF-able or generate income, but are still none-the-less essential to maintenance of a quality research/ teaching culture.The outcomes of practice-based research can be difficult to represent in the REF, and yet the impact upon students can be significant.</p>
<p>A simple example: as a research student in the department I had access to significant figures within contemporary music which have had a lasting impact upon my practice and research, to list but a few; Alvin Lucier, Nic Collins, Tony Conrad and Henri Chopin, all of whom performed in the Sonic Arts series of concerts.</p>
<p>To have had the opportunity to observe, discuss and work alongside such significant figures is surely an example of good practice in learning and teaching. A subject sadly missed and lost in the report.</p>
<p>Learning and teaching excellence and good practice is research too. One suspects that quality of teaching, contact hours and the overall student experience will be key questions in the mind of potential students within the new HE environment, will research income hold the same status in their decision-making?</p>
</blockquote>
<p><em>Liam Wells,&nbsp;HE Academy - Art, Design &amp; Media National Teaching Fellow.</em></p>]]></content:encoded>
	<excerpt:encoded><![CDATA[I’ve read the report. I understand the potential concerns of the panel. Objectively however, should it not be the responsibility of the senior management to support and provide the leadership and resources to assist the department in developing re...]]></excerpt:encoded>	

	<wp:post_date>Wed Nov 02 05:13:00 -0700 2011</wp:post_date>
	<wp:post_date_gmt>Wed Nov 02 05:13:00 -0700 2011</wp:post_date_gmt>
	<wp:comment_status>open</wp:comment_status>
	<wp:ping_status>open</wp:ping_status>
	<wp:post_id>78296659</wp:post_id>
	<wp:post_name>78296659</wp:post_name>
	<wp:status>publish</wp:status>
	<wp:post_parent>0</wp:post_parent>
	<wp:menu_order>0</wp:menu_order>
	<wp:post_type>post</wp:post_type>
	<wp:post_password></wp:post_password>
	<wp:is_sticky>0</wp:is_sticky>

	
</item>
