<item>
	<title>Nik Void</title>
	<link>http://support.saveueamusic.org/nik-void</link>
	<pubDate>Wed Nov 02 07:58:00 -0700 2011</pubDate>
	
	<dc:creator><![CDATA[saveueamusic]]></dc:creator>
	
	

	<category><![CDATA[Uncategorized]]></category>

	<category domain="category" nicename="uncategorized"><![CDATA[Uncategorized]]></category>

  <guid isPermaLink="false">http://support.saveueamusic.org/nik-void</guid>
	<description></description>
	<content:encoded><![CDATA[<blockquote class="posterous_short_quote">
<p>ITS WHAT DRAWS PEOPLE TO THE CITY!!!</p>
</blockquote>
<p><em>Nik Void, <a href="http://www.myspace.com/factoryfloor">Factory Floor</a></em></p>]]></content:encoded>
	<excerpt:encoded><![CDATA[ITS WHAT DRAWS PEOPLE TO THE CITY!!! Nik Void, Factory Floor]]></excerpt:encoded>	

	<wp:post_date>Wed Nov 02 07:58:00 -0700 2011</wp:post_date>
	<wp:post_date_gmt>Wed Nov 02 07:58:00 -0700 2011</wp:post_date_gmt>
	<wp:comment_status>open</wp:comment_status>
	<wp:ping_status>open</wp:ping_status>
	<wp:post_id>78314813</wp:post_id>
	<wp:post_name>nik-void</wp:post_name>
	<wp:status>publish</wp:status>
	<wp:post_parent>0</wp:post_parent>
	<wp:menu_order>0</wp:menu_order>
	<wp:post_type>post</wp:post_type>
	<wp:post_password></wp:post_password>
	<wp:is_sticky>0</wp:is_sticky>

	
</item>
