<item>
	<title>Robert Worby</title>
	<link>http://support.saveueamusic.org/robert-worby</link>
	<pubDate>Wed Nov 02 12:56:00 -0700 2011</pubDate>
	
	<dc:creator><![CDATA[saveueamusic]]></dc:creator>
	
	

	<category><![CDATA[Uncategorized]]></category>

	<category domain="category" nicename="uncategorized"><![CDATA[Uncategorized]]></category>

  <guid isPermaLink="false">http://support.saveueamusic.org/robert-worby</guid>
	<description></description>
	<content:encoded><![CDATA[<blockquote class="posterous_medium_quote">
<p>Our culture, our society, our civilisation is moving into an uncertain period. The worsening economic situation threatens to destabilise the underpinning of our civilisation. The arts are a civilising force. They provide stability in uncertain times, they keep us focused on what it is to be human and they create economic resources. To close the UEA School of Music would be a Philistine act and would, in the long term, contribute to the decline of our culture and way of life. Please reconsider carefully. Do not close the UEA School of Music.</p>
</blockquote>
<p><em>Robert Worby, BBC Radio 3</em></p>]]></content:encoded>
	<excerpt:encoded><![CDATA[Our culture, our society, our civilisation is moving into an uncertain period. The worsening economic situation threatens to destabilise the underpinning of our civilisation. The arts are a civilising force. They provide stability in uncertain tim...]]></excerpt:encoded>	

	<wp:post_date>Wed Nov 02 12:56:00 -0700 2011</wp:post_date>
	<wp:post_date_gmt>Wed Nov 02 12:56:00 -0700 2011</wp:post_date_gmt>
	<wp:comment_status>open</wp:comment_status>
	<wp:ping_status>open</wp:ping_status>
	<wp:post_id>78359199</wp:post_id>
	<wp:post_name>robert-worby</wp:post_name>
	<wp:status>publish</wp:status>
	<wp:post_parent>0</wp:post_parent>
	<wp:menu_order>0</wp:menu_order>
	<wp:post_type>post</wp:post_type>
	<wp:post_password></wp:post_password>
	<wp:is_sticky>0</wp:is_sticky>

	
</item>
