<item>
	<title>Tony Conrad</title>
	<link>http://support.saveueamusic.org/tony-conrad</link>
	<pubDate>Wed Nov 02 12:57:00 -0700 2011</pubDate>
	
	<dc:creator><![CDATA[saveueamusic]]></dc:creator>
	
	

	<category><![CDATA[Uncategorized]]></category>

	<category domain="category" nicename="uncategorized"><![CDATA[Uncategorized]]></category>

  <guid isPermaLink="false">http://support.saveueamusic.org/tony-conrad</guid>
	<description></description>
	<content:encoded><![CDATA[<blockquote class="posterous_medium_quote">
<p>In my visit sponsored by the University of East Anglia, I was excited to find a vibrant and intellectually engaged community. I am disappointed to hear of efforts to close the University in spite of its successes!</p>
</blockquote>
<p><em><a href="http://en.wikipedia.org/wiki/Tony_Conrad">Tony Conrad</a>, SUNY Distinguished Professor, Department of Media Study, University at Buffalo, Buffalo NY</em></p>]]></content:encoded>
	<excerpt:encoded><![CDATA[In my visit sponsored by the University of East Anglia, I was excited to find a vibrant and intellectually engaged community. I am disappointed to hear of efforts to close the University in spite of its successes! Tony Conrad, SUNY Distinguished P...]]></excerpt:encoded>	

	<wp:post_date>Wed Nov 02 12:57:00 -0700 2011</wp:post_date>
	<wp:post_date_gmt>Wed Nov 02 12:57:00 -0700 2011</wp:post_date_gmt>
	<wp:comment_status>open</wp:comment_status>
	<wp:ping_status>open</wp:ping_status>
	<wp:post_id>78359510</wp:post_id>
	<wp:post_name>tony-conrad</wp:post_name>
	<wp:status>publish</wp:status>
	<wp:post_parent>0</wp:post_parent>
	<wp:menu_order>0</wp:menu_order>
	<wp:post_type>post</wp:post_type>
	<wp:post_password></wp:post_password>
	<wp:is_sticky>0</wp:is_sticky>

	
</item>
