<item>
	<title>Shanna Sordahl</title>
	<link>http://support.saveueamusic.org/shanna-sordahl</link>
	<pubDate>Thu Nov 03 04:49:00 -0700 2011</pubDate>
	
	<dc:creator><![CDATA[saveueamusic]]></dc:creator>
	
	

	<category><![CDATA[Uncategorized]]></category>

	<category domain="category" nicename="uncategorized"><![CDATA[Uncategorized]]></category>

  <guid isPermaLink="false">http://support.saveueamusic.org/shanna-sordahl</guid>
	<description></description>
	<content:encoded><![CDATA[<blockquote>
<p>With all sincerity, I urge you to reconsider this decision. &nbsp;Please examine the history and far-reaching impact of this music program, and you will see that closing the department for budget reasons is unacceptable. &nbsp;Amongst other things, the UEA School of Music has had a strong role in experimental and progressive music. &nbsp;These fields are notably expanding now thanks to departments like this one. &nbsp; If the School of Music were to close now I think it would reflect very badly on the school as a whole and that the administration would come to regret it. &nbsp;These types of programs are a bedrock of our cultures, and terminating the entire School of Music during this time of economic hardship sends an immensely negative message about the role of arts in our culture. Please reconsider.</p>
</blockquote>
<p><em>Shanna Sordahl</em></p>]]></content:encoded>
	<excerpt:encoded><![CDATA[With all sincerity, I urge you to reconsider this decision. Please examine the history and far-reaching impact of this music program, and you will see that closing the department for budget reasons is unacceptable. Amongst other things, the UEA Sc...]]></excerpt:encoded>	

	<wp:post_date>Thu Nov 03 04:49:00 -0700 2011</wp:post_date>
	<wp:post_date_gmt>Thu Nov 03 04:49:00 -0700 2011</wp:post_date_gmt>
	<wp:comment_status>open</wp:comment_status>
	<wp:ping_status>open</wp:ping_status>
	<wp:post_id>78458810</wp:post_id>
	<wp:post_name>shanna-sordahl</wp:post_name>
	<wp:status>publish</wp:status>
	<wp:post_parent>0</wp:post_parent>
	<wp:menu_order>0</wp:menu_order>
	<wp:post_type>post</wp:post_type>
	<wp:post_password></wp:post_password>
	<wp:is_sticky>0</wp:is_sticky>

	
</item>
