<item>
	<title>Amaia Gabantxo</title>
	<link>http://support.saveueamusic.org/amaia-gabantxo</link>
	<pubDate>Thu Nov 03 04:55:00 -0700 2011</pubDate>
	
	<dc:creator><![CDATA[saveueamusic]]></dc:creator>
	
	

	<category><![CDATA[Uncategorized]]></category>

	<category domain="category" nicename="uncategorized"><![CDATA[Uncategorized]]></category>

  <guid isPermaLink="false">http://support.saveueamusic.org/amaia-gabantxo</guid>
	<description></description>
	<content:encoded><![CDATA[<blockquote>
<p>What a abhorrent idea!!!</p>
<p>A city like Norwich, bidding for cultural capital of Europe year after year, priding itself in its cultural richness, in the aliveness of its music scene and its yearly festival offerings... can't close the music department at its university when so much of the musical life of the city is dependent on the students - not only while they study at the UEA, but afterwards, when they choose to stay in Norwich and contribute to the wealth of the musical culture of the city.</p>
<p>I didn't study music at the UEA, but my life and the city was made all the better because of the people who did and contributed to the great music scene we have in Norwich.</p>
<p>Losing the music department at the UEA would do great damage to the city of Norwich as a whole. It would lose quite a bit of its fineness.</p>
</blockquote>
<p><em>Amaia Gabantxo, resident of Norwich</em></p>
<p>&nbsp;</p>]]></content:encoded>
	<excerpt:encoded><![CDATA[What a abhorrent idea!!! A city like Norwich, bidding for cultural capital of Europe year after year, priding itself in its cultural richness, in the aliveness of its music scene and its yearly festival offerings... can't close the music departmen...]]></excerpt:encoded>	

	<wp:post_date>Thu Nov 03 04:55:00 -0700 2011</wp:post_date>
	<wp:post_date_gmt>Thu Nov 03 04:55:00 -0700 2011</wp:post_date_gmt>
	<wp:comment_status>open</wp:comment_status>
	<wp:ping_status>open</wp:ping_status>
	<wp:post_id>78459372</wp:post_id>
	<wp:post_name>amaia-gabantxo</wp:post_name>
	<wp:status>publish</wp:status>
	<wp:post_parent>0</wp:post_parent>
	<wp:menu_order>0</wp:menu_order>
	<wp:post_type>post</wp:post_type>
	<wp:post_password></wp:post_password>
	<wp:is_sticky>0</wp:is_sticky>

	
</item>
