<item>
	<title>Dr. Simon Hall</title>
	<link>http://support.saveueamusic.org/dr-simon-hall</link>
	<pubDate>Thu Nov 03 05:30:00 -0700 2011</pubDate>
	
	<dc:creator><![CDATA[saveueamusic]]></dc:creator>
	
	

	<category><![CDATA[Uncategorized]]></category>

	<category domain="category" nicename="uncategorized"><![CDATA[Uncategorized]]></category>

  <guid isPermaLink="false">http://support.saveueamusic.org/dr-simon-hall</guid>
	<description></description>
	<content:encoded><![CDATA[<blockquote class="posterous_short_quote">
<p>One questions the strategic foresight of a management that sees fit to even consider closing a department of the level and quality of UEA.</p>
</blockquote>
<p><em>Dr. Simon Hall, Birmingham Conservatoire, Birmingham City University</em></p>]]></content:encoded>
	<excerpt:encoded><![CDATA[One questions the strategic foresight of a management that sees fit to even consider closing a department of the level and quality of UEA. Dr. Simon Hall, Birmingham Conservatoire, Birmingham City University]]></excerpt:encoded>	

	<wp:post_date>Thu Nov 03 05:30:00 -0700 2011</wp:post_date>
	<wp:post_date_gmt>Thu Nov 03 05:30:00 -0700 2011</wp:post_date_gmt>
	<wp:comment_status>open</wp:comment_status>
	<wp:ping_status>open</wp:ping_status>
	<wp:post_id>78462690</wp:post_id>
	<wp:post_name>dr-simon-hall</wp:post_name>
	<wp:status>publish</wp:status>
	<wp:post_parent>0</wp:post_parent>
	<wp:menu_order>0</wp:menu_order>
	<wp:post_type>post</wp:post_type>
	<wp:post_password></wp:post_password>
	<wp:is_sticky>0</wp:is_sticky>

	
</item>
