<item>
	<title>Peter Morris</title>
	<link>http://support.saveueamusic.org/peter-morris</link>
	<pubDate>Thu Nov 03 06:34:00 -0700 2011</pubDate>
	
	<dc:creator><![CDATA[saveueamusic]]></dc:creator>
	
	

	<category><![CDATA[Uncategorized]]></category>

	<category domain="category" nicename="uncategorized"><![CDATA[Uncategorized]]></category>

  <guid isPermaLink="false">http://support.saveueamusic.org/peter-morris</guid>
	<description></description>
	<content:encoded><![CDATA[<blockquote class="posterous_medium_quote">
<p>I simply cannot imagine a University without music students. &nbsp;Part of the fees we pay is to have the experience of sharing, understanding and experiencing the worlds of our fellow students.</p>
<p>Closing down a department such as music is a step on the path that will cause Universities to teach only the most profitable programmes. &nbsp;Computer marked mass education, one-size-fits-all is a fundamentally flawed premise.</p>
<p>At a personal level, the democratisation of music. while to be embraced, should not mean a reduction in the skills and professional training for those who are to lead rather than to follow creative practice.</p>
<p>Please reconsider - it is not simply the budget that should be considered but the character and essence of your University.</p>
</blockquote>
<p>Peter Morris</p>]]></content:encoded>
	<excerpt:encoded><![CDATA[I simply cannot imagine a University without music students. Part of the fees we pay is to have the experience of sharing, understanding and experiencing the worlds of our fellow students. Closing down a department such as music is a step on the p...]]></excerpt:encoded>	

	<wp:post_date>Thu Nov 03 06:34:00 -0700 2011</wp:post_date>
	<wp:post_date_gmt>Thu Nov 03 06:34:00 -0700 2011</wp:post_date_gmt>
	<wp:comment_status>open</wp:comment_status>
	<wp:ping_status>open</wp:ping_status>
	<wp:post_id>78469010</wp:post_id>
	<wp:post_name>peter-morris</wp:post_name>
	<wp:status>publish</wp:status>
	<wp:post_parent>0</wp:post_parent>
	<wp:menu_order>0</wp:menu_order>
	<wp:post_type>post</wp:post_type>
	<wp:post_password></wp:post_password>
	<wp:is_sticky>0</wp:is_sticky>

	
</item>
