<item>
	<title>Edward Campbell</title>
	<link>http://support.saveueamusic.org/edward-campbell</link>
	<pubDate>Thu Nov 03 06:17:00 -0700 2011</pubDate>
	
	<dc:creator><![CDATA[saveueamusic]]></dc:creator>
	
	

	<category><![CDATA[Uncategorized]]></category>

	<category domain="category" nicename="uncategorized"><![CDATA[Uncategorized]]></category>

  <guid isPermaLink="false">http://support.saveueamusic.org/edward-campbell</guid>
	<description></description>
	<content:encoded><![CDATA[<blockquote class="posterous_medium_quote">
<p>I visited the music department at UEA in 2004 and was very impressed by the staff and post-graduate students I met there. The department has built a strong reputation and has real areas of expertise. It would be a great loss to British music education for that to be lost to the region and the country.</p>
</blockquote>
<p><em>Edward Campbell, University of Aberdeen &nbsp;</em></p>]]></content:encoded>
	<excerpt:encoded><![CDATA[I visited the music department at UEA in 2004 and was very impressed by the staff and post-graduate students I met there. The department has built a strong reputation and has real areas of expertise. It would be a great loss to British music educa...]]></excerpt:encoded>	

	<wp:post_date>Thu Nov 03 06:17:00 -0700 2011</wp:post_date>
	<wp:post_date_gmt>Thu Nov 03 06:17:00 -0700 2011</wp:post_date_gmt>
	<wp:comment_status>open</wp:comment_status>
	<wp:ping_status>open</wp:ping_status>
	<wp:post_id>78467388</wp:post_id>
	<wp:post_name>edward-campbell</wp:post_name>
	<wp:status>publish</wp:status>
	<wp:post_parent>0</wp:post_parent>
	<wp:menu_order>0</wp:menu_order>
	<wp:post_type>post</wp:post_type>
	<wp:post_password></wp:post_password>
	<wp:is_sticky>0</wp:is_sticky>

	
</item>
