<item>
	<title>Laura North</title>
	<link>http://support.saveueamusic.org/laura-north</link>
	<pubDate>Thu Nov 03 05:27:00 -0700 2011</pubDate>
	
	<dc:creator><![CDATA[saveueamusic]]></dc:creator>
	
	

	<category><![CDATA[Uncategorized]]></category>

	<category domain="category" nicename="uncategorized"><![CDATA[Uncategorized]]></category>

  <guid isPermaLink="false">http://support.saveueamusic.org/laura-north</guid>
	<description></description>
	<content:encoded><![CDATA[<blockquote>
<p>The Guardian University Guide 2012 voted UEA's Music department twelfth in the country, which exceeded many specialised music conservatoires!</p>
<p>While accessible courses on music and production are increasingly popular in colleges, Music as a serious and credible degree must be saved.  My own beloved music department at the University of Reading was closed the year I graduated, and while the University maintains music is still a large part of the student experience, it is a sad ghost of what it once was.</p>
<p>UEA is the stand alone academic institution for the East of Anglia region, and with rising tuition costs more students are choosing to study at home.  This leaves little option for potential music students in the East of Anglia area.</p>
<p>Furthermore, Norwich and UEA are supposed to be known for their support of music and the arts, with its known music venue and Norfolk and Norwich Arts Festival.</p>
</blockquote>
<p><em>Laura North, music graduate of University of Reading</em></p>]]></content:encoded>
	<excerpt:encoded><![CDATA[The Guardian University Guide 2012 voted UEA's Music department twelfth in the country, which exceeded many specialised music conservatoires! While accessible courses on music and production are increasingly popular in colleges, Music as a serious...]]></excerpt:encoded>	

	<wp:post_date>Thu Nov 03 05:27:00 -0700 2011</wp:post_date>
	<wp:post_date_gmt>Thu Nov 03 05:27:00 -0700 2011</wp:post_date_gmt>
	<wp:comment_status>open</wp:comment_status>
	<wp:ping_status>open</wp:ping_status>
	<wp:post_id>78462504</wp:post_id>
	<wp:post_name>laura-north</wp:post_name>
	<wp:status>publish</wp:status>
	<wp:post_parent>0</wp:post_parent>
	<wp:menu_order>0</wp:menu_order>
	<wp:post_type>post</wp:post_type>
	<wp:post_password></wp:post_password>
	<wp:is_sticky>0</wp:is_sticky>

	
</item>
