<item>
	<title>Fran Pearson</title>
	<link>http://support.saveueamusic.org/fran-pearson</link>
	<pubDate>Thu Nov 03 05:23:00 -0700 2011</pubDate>
	
	<dc:creator><![CDATA[saveueamusic]]></dc:creator>
	
	

	<category><![CDATA[Uncategorized]]></category>

	<category domain="category" nicename="uncategorized"><![CDATA[Uncategorized]]></category>

  <guid isPermaLink="false">http://support.saveueamusic.org/fran-pearson</guid>
	<description></description>
	<content:encoded><![CDATA[<p>Studying Music at UEA was such a worthwhile experience that gave me many opportunities and skills. The Music Lecturers at UEA are dedicated to their work and without them I could not have achieved the First that I did. The many skills I gained from this degree enabled me to complete a Masters in Music and gain a place on a PGCE course at the MMU/ RNCM back in my home city of Manchester. As I begin to teach, it becomes even more evident how important the role of Music is in a young person's life. Music has so many benefits and can provide vital skills such as teamwork and communication. It also builds self confidence.</p>
<p>The size of the Music department attracted me to the University and was of great benefit. Due to the slightly smaller numbers, there was a very close family feel which enabled all years to mix socially and academically. It also gave students more confidence in their studies and there were plenty of opportunities to get involved. &nbsp;</p>
<p>To shut the Music department would be a great loss, not only in giving future students the chance to study Music in a dedicated and supportive environment but it would be losing valuable and talented staff that are able to make a real difference to student's lives. The motto for UEA is 'Do Different'. Myself and many other past Music students have been able to fulfil this because we came to this University. Please allow future music students the same chance.</p>
<p><em>Fran Pearson, former student</em></p>]]></content:encoded>
	<excerpt:encoded><![CDATA[Studying Music at UEA was such a worthwhile experience that gave me many opportunities and skills. The Music Lecturers at UEA are dedicated to their work and without them I could not have achieved the First that I did. The many skills I gained fro...]]></excerpt:encoded>	

	<wp:post_date>Thu Nov 03 05:23:00 -0700 2011</wp:post_date>
	<wp:post_date_gmt>Thu Nov 03 05:23:00 -0700 2011</wp:post_date_gmt>
	<wp:comment_status>open</wp:comment_status>
	<wp:ping_status>open</wp:ping_status>
	<wp:post_id>78462067</wp:post_id>
	<wp:post_name>fran-pearson</wp:post_name>
	<wp:status>publish</wp:status>
	<wp:post_parent>0</wp:post_parent>
	<wp:menu_order>0</wp:menu_order>
	<wp:post_type>post</wp:post_type>
	<wp:post_password></wp:post_password>
	<wp:is_sticky>0</wp:is_sticky>

	
</item>
