<item>
	<title>Prof. David I. Clarke</title>
	<link>http://support.saveueamusic.org/prof-david-i-clarke</link>
	<pubDate>Thu Nov 03 06:08:00 -0700 2011</pubDate>
	
	<dc:creator><![CDATA[saveueamusic]]></dc:creator>
	
	

	<category><![CDATA[Uncategorized]]></category>

	<category domain="category" nicename="uncategorized"><![CDATA[Uncategorized]]></category>

  <guid isPermaLink="false">http://support.saveueamusic.org/prof-david-i-clarke</guid>
	<description></description>
	<content:encoded><![CDATA[<blockquote class="posterous_short_quote">
<p>I'm a former external examiner and reviewer for UEA Music Department, and can vouch for its excellent track record and strong future potential. The proposed closure is deplorable.</p>
</blockquote>
<p><em>Prof. David I. Clarke,&nbsp;Music Dept, Newcastle University</em></p>]]></content:encoded>
	<excerpt:encoded><![CDATA[I'm a former external examiner and reviewer for UEA Music Department, and can vouch for its excellent track record and strong future potential. The proposed closure is deplorable. Prof. David I. Clarke, Music Dept, Newcastle University]]></excerpt:encoded>	

	<wp:post_date>Thu Nov 03 06:08:00 -0700 2011</wp:post_date>
	<wp:post_date_gmt>Thu Nov 03 06:08:00 -0700 2011</wp:post_date_gmt>
	<wp:comment_status>open</wp:comment_status>
	<wp:ping_status>open</wp:ping_status>
	<wp:post_id>78466325</wp:post_id>
	<wp:post_name>prof-david-i-clarke</wp:post_name>
	<wp:status>publish</wp:status>
	<wp:post_parent>0</wp:post_parent>
	<wp:menu_order>0</wp:menu_order>
	<wp:post_type>post</wp:post_type>
	<wp:post_password></wp:post_password>
	<wp:is_sticky>0</wp:is_sticky>

	
</item>
