<item>
	<title>Untitled</title>
	<link>http://support.saveueamusic.org/78467220</link>
	<pubDate>Thu Nov 03 06:15:00 -0700 2011</pubDate>
	
	<dc:creator><![CDATA[saveueamusic]]></dc:creator>
	
	

	<category><![CDATA[Uncategorized]]></category>

	<category domain="category" nicename="uncategorized"><![CDATA[Uncategorized]]></category>

  <guid isPermaLink="false">http://support.saveueamusic.org/78467220</guid>
	<description></description>
	<content:encoded><![CDATA[<blockquote class="posterous_medium_quote">
<p>I was an international student in 2010. The music school was one of the reasons I chose to study at UEA, even though it was not required in my course. I frequently made use of the services and lectures they provided and my experience would have suffered had it not been there. I suggest the interest of international students is considered in the future.</p>
</blockquote>
<p><em>Name witheld</em></p>]]></content:encoded>
	<excerpt:encoded><![CDATA[I was an international student in 2010. The music school was one of the reasons I chose to study at UEA, even though it was not required in my course. I frequently made use of the services and lectures they provided and my experience would have su...]]></excerpt:encoded>	

	<wp:post_date>Thu Nov 03 06:15:00 -0700 2011</wp:post_date>
	<wp:post_date_gmt>Thu Nov 03 06:15:00 -0700 2011</wp:post_date_gmt>
	<wp:comment_status>open</wp:comment_status>
	<wp:ping_status>open</wp:ping_status>
	<wp:post_id>78467220</wp:post_id>
	<wp:post_name>78467220</wp:post_name>
	<wp:status>publish</wp:status>
	<wp:post_parent>0</wp:post_parent>
	<wp:menu_order>0</wp:menu_order>
	<wp:post_type>post</wp:post_type>
	<wp:post_password></wp:post_password>
	<wp:is_sticky>0</wp:is_sticky>

	
</item>
