<item>
	<title>Marilyn Caston</title>
	<link>http://support.saveueamusic.org/marilyn-caston</link>
	<pubDate>Thu Nov 03 05:32:00 -0700 2011</pubDate>
	
	<dc:creator><![CDATA[saveueamusic]]></dc:creator>
	
	

	<category><![CDATA[Uncategorized]]></category>

	<category domain="category" nicename="uncategorized"><![CDATA[Uncategorized]]></category>

  <guid isPermaLink="false">http://support.saveueamusic.org/marilyn-caston</guid>
	<description></description>
	<content:encoded><![CDATA[<blockquote class="posterous_short_quote">
<p>My daughter raved about this program. &nbsp;She was an apprentice conductor for the orchestra. The program was exceptional.</p>
</blockquote>
<p>Marilyn Caston, San Fransisco</p>]]></content:encoded>
	<excerpt:encoded><![CDATA[My daughter raved about this program. She was an apprentice conductor for the orchestra. The program was exceptional. Marilyn Caston, San Fransisco]]></excerpt:encoded>	

	<wp:post_date>Thu Nov 03 05:32:00 -0700 2011</wp:post_date>
	<wp:post_date_gmt>Thu Nov 03 05:32:00 -0700 2011</wp:post_date_gmt>
	<wp:comment_status>open</wp:comment_status>
	<wp:ping_status>open</wp:ping_status>
	<wp:post_id>78462849</wp:post_id>
	<wp:post_name>marilyn-caston</wp:post_name>
	<wp:status>publish</wp:status>
	<wp:post_parent>0</wp:post_parent>
	<wp:menu_order>0</wp:menu_order>
	<wp:post_type>post</wp:post_type>
	<wp:post_password></wp:post_password>
	<wp:is_sticky>0</wp:is_sticky>

	
</item>
