<item>
	<title>Geraint Wiggins</title>
	<link>http://support.saveueamusic.org/geraint-wiggins</link>
	<pubDate>Thu Nov 03 05:37:00 -0700 2011</pubDate>
	
	<dc:creator><![CDATA[saveueamusic]]></dc:creator>
	
	

	<category><![CDATA[Uncategorized]]></category>

	<category domain="category" nicename="uncategorized"><![CDATA[Uncategorized]]></category>

  <guid isPermaLink="false">http://support.saveueamusic.org/geraint-wiggins</guid>
	<description></description>
	<content:encoded><![CDATA[<blockquote class="posterous_medium_quote">
<p>Music at UEA has been a leading light in the academic music scene for years, innovating constantly. To close the department in context of its current success is perverse and detrimental to UEA and to music in the UK in general.</p>
</blockquote>
<p><em>Geraint Wiggins</em></p>
]]></content:encoded>
	<excerpt:encoded><![CDATA[Music at UEA has been a leading light in the academic music scene for years, innovating constantly. To close the department in context of its current success is perverse and detrimental to UEA and to music in the UK in general. Geraint Wiggins]]></excerpt:encoded>	

	<wp:post_date>Thu Nov 03 05:37:00 -0700 2011</wp:post_date>
	<wp:post_date_gmt>Thu Nov 03 05:37:00 -0700 2011</wp:post_date_gmt>
	<wp:comment_status>open</wp:comment_status>
	<wp:ping_status>open</wp:ping_status>
	<wp:post_id>78463282</wp:post_id>
	<wp:post_name>geraint-wiggins</wp:post_name>
	<wp:status>publish</wp:status>
	<wp:post_parent>0</wp:post_parent>
	<wp:menu_order>0</wp:menu_order>
	<wp:post_type>post</wp:post_type>
	<wp:post_password></wp:post_password>
	<wp:is_sticky>0</wp:is_sticky>

	
</item>
