<item>
	<title>Matt Rogalsky</title>
	<link>http://support.saveueamusic.org/matt-rogalsky</link>
	<pubDate>Thu Nov 03 05:08:00 -0700 2011</pubDate>
	
	<dc:creator><![CDATA[saveueamusic]]></dc:creator>
	
	

	<category><![CDATA[Uncategorized]]></category>

	<category domain="category" nicename="uncategorized"><![CDATA[Uncategorized]]></category>

  <guid isPermaLink="false">http://support.saveueamusic.org/matt-rogalsky</guid>
	<description></description>
	<content:encoded><![CDATA[<blockquote class="posterous_medium_quote">
<p>The UEA School of Music has fostered the careers of many, many academics and creative professionals. It has a unique place among the UK's post-secondary Music programs, particularly at the MA and PhD level.</p>
<p>UEA would be extremely short-sighted to close this important department. Additionally, what message will that send to students about the value of arts and culture in our society?</p>
</blockquote>
<p><em><a href="http://www.mrogalsky.net/">Matt Rogalsky</a>, Weslyan University</em></p>]]></content:encoded>
	<excerpt:encoded><![CDATA[The UEA School of Music has fostered the careers of many, many academics and creative professionals. It has a unique place among the UK's post-secondary Music programs, particularly at the MA and PhD level. UEA would be extremely short-sighted to ...]]></excerpt:encoded>	

	<wp:post_date>Thu Nov 03 05:08:00 -0700 2011</wp:post_date>
	<wp:post_date_gmt>Thu Nov 03 05:08:00 -0700 2011</wp:post_date_gmt>
	<wp:comment_status>open</wp:comment_status>
	<wp:ping_status>open</wp:ping_status>
	<wp:post_id>78460938</wp:post_id>
	<wp:post_name>matt-rogalsky</wp:post_name>
	<wp:status>publish</wp:status>
	<wp:post_parent>0</wp:post_parent>
	<wp:menu_order>0</wp:menu_order>
	<wp:post_type>post</wp:post_type>
	<wp:post_password></wp:post_password>
	<wp:is_sticky>0</wp:is_sticky>

	
</item>
