<item>
	<title>Paul Kendall</title>
	<link>http://support.saveueamusic.org/paul-kendall</link>
	<pubDate>Thu Nov 03 05:01:00 -0700 2011</pubDate>
	
	<dc:creator><![CDATA[saveueamusic]]></dc:creator>
	
	

	<category><![CDATA[Uncategorized]]></category>

	<category domain="category" nicename="uncategorized"><![CDATA[Uncategorized]]></category>

  <guid isPermaLink="false">http://support.saveueamusic.org/paul-kendall</guid>
	<description></description>
	<content:encoded><![CDATA[<blockquote class="posterous_short_quote">
<p>UEA has been responsible for nurturing some of the most prolific electronic music composers over many years and should be allowed to continue its excellent work.</p>
</blockquote>
<p><em>Paul Kendall</em></p>]]></content:encoded>
	<excerpt:encoded><![CDATA[UEA has been responsible for nurturing some of the most prolific electronic music composers over many years and should be allowed to continue its excellent work. Paul Kendall]]></excerpt:encoded>	

	<wp:post_date>Thu Nov 03 05:01:00 -0700 2011</wp:post_date>
	<wp:post_date_gmt>Thu Nov 03 05:01:00 -0700 2011</wp:post_date_gmt>
	<wp:comment_status>open</wp:comment_status>
	<wp:ping_status>open</wp:ping_status>
	<wp:post_id>78460096</wp:post_id>
	<wp:post_name>paul-kendall</wp:post_name>
	<wp:status>publish</wp:status>
	<wp:post_parent>0</wp:post_parent>
	<wp:menu_order>0</wp:menu_order>
	<wp:post_type>post</wp:post_type>
	<wp:post_password></wp:post_password>
	<wp:is_sticky>0</wp:is_sticky>

	
</item>
