<item>
	<title>Anton Lukoszevieze</title>
	<link>http://support.saveueamusic.org/anton-lukoszevieze</link>
	<pubDate>Thu Nov 03 05:11:00 -0700 2011</pubDate>
	
	<dc:creator><![CDATA[saveueamusic]]></dc:creator>
	
	

	<category><![CDATA[Uncategorized]]></category>

	<category domain="category" nicename="uncategorized"><![CDATA[Uncategorized]]></category>

  <guid isPermaLink="false">http://support.saveueamusic.org/anton-lukoszevieze</guid>
	<description></description>
	<content:encoded><![CDATA[<blockquote class="posterous_short_quote">
<p>The UEA Music Department is a stimulating, wonderful place, a magnet for students, composers and performers. It needs nurturing and help, not blind closure, help it and keep it going!</p>
</blockquote>
<p><em>Anton Lukoszevieze,&nbsp;<a href="http://www.apartmenthouse.co.uk/">Apartment House</a></em></p>]]></content:encoded>
	<excerpt:encoded><![CDATA[The UEA Music Department is a stimulating, wonderful place, a magnet for students, composers and performers. It needs nurturing and help, not blind closure, help it and keep it going! Anton Lukoszevieze, Apartment House]]></excerpt:encoded>	

	<wp:post_date>Thu Nov 03 05:11:00 -0700 2011</wp:post_date>
	<wp:post_date_gmt>Thu Nov 03 05:11:00 -0700 2011</wp:post_date_gmt>
	<wp:comment_status>open</wp:comment_status>
	<wp:ping_status>open</wp:ping_status>
	<wp:post_id>78461110</wp:post_id>
	<wp:post_name>anton-lukoszevieze</wp:post_name>
	<wp:status>publish</wp:status>
	<wp:post_parent>0</wp:post_parent>
	<wp:menu_order>0</wp:menu_order>
	<wp:post_type>post</wp:post_type>
	<wp:post_password></wp:post_password>
	<wp:is_sticky>0</wp:is_sticky>

	
</item>
