<item>
	<title>Dr John Wynne</title>
	<link>http://support.saveueamusic.org/dr-john-wynne-university-of-the-arts-london</link>
	<pubDate>Thu Nov 03 05:20:00 -0700 2011</pubDate>
	
	<dc:creator><![CDATA[saveueamusic]]></dc:creator>
	
	

	<category><![CDATA[Uncategorized]]></category>

	<category domain="category" nicename="uncategorized"><![CDATA[Uncategorized]]></category>

  <guid isPermaLink="false">http://support.saveueamusic.org/dr-john-wynne-university-of-the-arts-london</guid>
	<description></description>
	<content:encoded><![CDATA[<blockquote class="posterous_short_quote">
<p>Such cutbacks are evidence of short-sighted planning at its worst. &nbsp;Science without humanity and knowledge without character were 2 of Ghandi's 7 dangers to human virtue.</p>
</blockquote>
<p><em>Dr John Wynne, University of the Arts London</em></p>]]></content:encoded>
	<excerpt:encoded><![CDATA[Such cutbacks are evidence of short-sighted planning at its worst. Science without humanity and knowledge without character were 2 of Ghandi's 7 dangers to human virtue. Dr John Wynne, University of the Arts London]]></excerpt:encoded>	

	<wp:post_date>Thu Nov 03 05:20:00 -0700 2011</wp:post_date>
	<wp:post_date_gmt>Thu Nov 03 05:20:00 -0700 2011</wp:post_date_gmt>
	<wp:comment_status>open</wp:comment_status>
	<wp:ping_status>open</wp:ping_status>
	<wp:post_id>78461845</wp:post_id>
	<wp:post_name>dr-john-wynne-university-of-the-arts-london</wp:post_name>
	<wp:status>publish</wp:status>
	<wp:post_parent>0</wp:post_parent>
	<wp:menu_order>0</wp:menu_order>
	<wp:post_type>post</wp:post_type>
	<wp:post_password></wp:post_password>
	<wp:is_sticky>0</wp:is_sticky>

	
</item>
