<item>
	<title>Chris T-T</title>
	<link>http://support.saveueamusic.org/chris-t-t</link>
	<pubDate>Thu Nov 03 05:02:00 -0700 2011</pubDate>
	
	<dc:creator><![CDATA[saveueamusic]]></dc:creator>
	
	

	<category><![CDATA[Uncategorized]]></category>

	<category domain="category" nicename="uncategorized"><![CDATA[Uncategorized]]></category>

  <guid isPermaLink="false">http://support.saveueamusic.org/chris-t-t</guid>
	<description></description>
	<content:encoded><![CDATA[<blockquote class="posterous_medium_quote">
<p>This is exactly the kind of course that we need to be supporting properly, not shutting down. Totally counter-productive and short-termist, when music is such a huge part of British culture and an increasingly major export.</p>
</blockquote>
<p><em><a href="http://christt.com/">Chris T-T</a>, musician</em></p>]]></content:encoded>
	<excerpt:encoded><![CDATA[This is exactly the kind of course that we need to be supporting properly, not shutting down. Totally counter-productive and short-termist, when music is such a huge part of British culture and an increasingly major export. Chris T-T, musician]]></excerpt:encoded>	

	<wp:post_date>Thu Nov 03 05:02:00 -0700 2011</wp:post_date>
	<wp:post_date_gmt>Thu Nov 03 05:02:00 -0700 2011</wp:post_date_gmt>
	<wp:comment_status>open</wp:comment_status>
	<wp:ping_status>open</wp:ping_status>
	<wp:post_id>78460367</wp:post_id>
	<wp:post_name>chris-t-t</wp:post_name>
	<wp:status>publish</wp:status>
	<wp:post_parent>0</wp:post_parent>
	<wp:menu_order>0</wp:menu_order>
	<wp:post_type>post</wp:post_type>
	<wp:post_password></wp:post_password>
	<wp:is_sticky>0</wp:is_sticky>

	
</item>
