<item>
	<title>Professor John Miller</title>
	<link>http://support.saveueamusic.org/professor-john-miller</link>
	<pubDate>Thu Nov 03 05:18:00 -0700 2011</pubDate>
	
	<dc:creator><![CDATA[saveueamusic]]></dc:creator>
	
	

	<category><![CDATA[Uncategorized]]></category>

	<category domain="category" nicename="uncategorized"><![CDATA[Uncategorized]]></category>

  <guid isPermaLink="false">http://support.saveueamusic.org/professor-john-miller</guid>
	<description></description>
	<content:encoded><![CDATA[<blockquote class="posterous_medium_quote">
<p>The UEA music department has been a fine example to all UK university music departments, extremely productive, an important contributor to real musical progress in UK. Notably, performers such as Jonathan Impett, and many contemporary composers have needed its forum to have an effective musical voice. I am one of many who oppose this attempted closure.</p>
</blockquote>
<p><em>Professor John Miller, RNCM</em></p>]]></content:encoded>
	<excerpt:encoded><![CDATA[The UEA music department has been a fine example to all UK university music departments, extremely productive, an important contributor to real musical progress in UK. Notably, performers such as Jonathan Impett, and many contemporary composers ha...]]></excerpt:encoded>	

	<wp:post_date>Thu Nov 03 05:18:00 -0700 2011</wp:post_date>
	<wp:post_date_gmt>Thu Nov 03 05:18:00 -0700 2011</wp:post_date_gmt>
	<wp:comment_status>open</wp:comment_status>
	<wp:ping_status>open</wp:ping_status>
	<wp:post_id>78461657</wp:post_id>
	<wp:post_name>professor-john-miller</wp:post_name>
	<wp:status>publish</wp:status>
	<wp:post_parent>0</wp:post_parent>
	<wp:menu_order>0</wp:menu_order>
	<wp:post_type>post</wp:post_type>
	<wp:post_password></wp:post_password>
	<wp:is_sticky>0</wp:is_sticky>

	
</item>
