<item>
	<title>Paul Walde</title>
	<link>http://support.saveueamusic.org/paul-walde</link>
	<pubDate>Thu Nov 03 06:06:00 -0700 2011</pubDate>
	
	<dc:creator><![CDATA[saveueamusic]]></dc:creator>
	
	

	<category><![CDATA[Uncategorized]]></category>

	<category domain="category" nicename="uncategorized"><![CDATA[Uncategorized]]></category>

  <guid isPermaLink="false">http://support.saveueamusic.org/paul-walde</guid>
	<description></description>
	<content:encoded><![CDATA[<blockquote class="posterous_medium_quote">
<p>I'm an Associate Professor in Canada originally from the UK. I was considering doing my PhD at UEA. The music department particularly with it's interdisciplinary sound program is world renowned.</p>
<p>To get rid of such a ground breaking program would be without exaggeration irresponsible.</p>
</blockquote>
<p><em>Paul Walde, Ontario</em></p>
]]></content:encoded>
	<excerpt:encoded><![CDATA[I'm an Associate Professor in Canada originally from the UK. I was considering doing my PhD at UEA. The music department particularly with it's interdisciplinary sound program is world renowned. To get rid of such a ground breaking program would b...]]></excerpt:encoded>	

	<wp:post_date>Thu Nov 03 06:06:00 -0700 2011</wp:post_date>
	<wp:post_date_gmt>Thu Nov 03 06:06:00 -0700 2011</wp:post_date_gmt>
	<wp:comment_status>open</wp:comment_status>
	<wp:ping_status>open</wp:ping_status>
	<wp:post_id>78466144</wp:post_id>
	<wp:post_name>paul-walde</wp:post_name>
	<wp:status>publish</wp:status>
	<wp:post_parent>0</wp:post_parent>
	<wp:menu_order>0</wp:menu_order>
	<wp:post_type>post</wp:post_type>
	<wp:post_password></wp:post_password>
	<wp:is_sticky>0</wp:is_sticky>

	
</item>
