<item>
	<title>Untitled</title>
	<link>http://support.saveueamusic.org/78472667</link>
	<pubDate>Thu Nov 03 07:16:00 -0700 2011</pubDate>
	
	<dc:creator><![CDATA[saveueamusic]]></dc:creator>
	
	

	<category><![CDATA[Uncategorized]]></category>

	<category domain="category" nicename="uncategorized"><![CDATA[Uncategorized]]></category>

  <guid isPermaLink="false">http://support.saveueamusic.org/78472667</guid>
	<description></description>
	<content:encoded><![CDATA[<blockquote class="posterous_medium_quote">
<p>I despair of UEA's overall approach and no longer wish to be associated with it. What happened to the core mission of higher education? It has become all about generating money. It is increasingly engaged in anti-democratic, autocratic decision-making and many of the organisational decisions it takes do not make any sense and leave in their wake trails of unhappy and deskilled staff, which logically cannot be good . In France universities are not ALLOWED to make a profit! Now there's a thought.</p>
</blockquote>
<p><em>Name witheld</em></p>]]></content:encoded>
	<excerpt:encoded><![CDATA[I despair of UEA's overall approach and no longer wish to be associated with it. What happened to the core mission of higher education? It has become all about generating money. It is increasingly engaged in anti-democratic, autocratic decision-ma...]]></excerpt:encoded>	

	<wp:post_date>Thu Nov 03 07:16:00 -0700 2011</wp:post_date>
	<wp:post_date_gmt>Thu Nov 03 07:16:00 -0700 2011</wp:post_date_gmt>
	<wp:comment_status>open</wp:comment_status>
	<wp:ping_status>open</wp:ping_status>
	<wp:post_id>78472667</wp:post_id>
	<wp:post_name>78472667</wp:post_name>
	<wp:status>publish</wp:status>
	<wp:post_parent>0</wp:post_parent>
	<wp:menu_order>0</wp:menu_order>
	<wp:post_type>post</wp:post_type>
	<wp:post_password></wp:post_password>
	<wp:is_sticky>0</wp:is_sticky>

	
</item>
