<item>
	<title>George Stronge</title>
	<link>http://support.saveueamusic.org/george-stronge</link>
	<pubDate>Thu Nov 03 10:49:00 -0700 2011</pubDate>
	
	<dc:creator><![CDATA[saveueamusic]]></dc:creator>
	
	

	<category><![CDATA[Uncategorized]]></category>

	<category domain="category" nicename="uncategorized"><![CDATA[Uncategorized]]></category>

  <guid isPermaLink="false">http://support.saveueamusic.org/george-stronge</guid>
	<description></description>
	<content:encoded><![CDATA[<blockquote class="posterous_medium_quote">
<p>I am student at Wymondham College in year 13, and the UEA music department has been hugely beneficial. It has hosted the National Youth Jazz Collective courses which i attended, and i have been part of the Ellington big band and the symphony orchestra. It would be very saddening to see such a successful department close.&nbsp;</p>
</blockquote>
<p><em>George Stronge,&nbsp;local school student</em></p>]]></content:encoded>
	<excerpt:encoded><![CDATA[I am student at Wymondham College in year 13, and the UEA music department has been hugely beneficial. It has hosted the National Youth Jazz Collective courses which i attended, and i have been part of the Ellington big band and the symphony orche...]]></excerpt:encoded>	

	<wp:post_date>Thu Nov 03 10:49:00 -0700 2011</wp:post_date>
	<wp:post_date_gmt>Thu Nov 03 10:49:00 -0700 2011</wp:post_date_gmt>
	<wp:comment_status>open</wp:comment_status>
	<wp:ping_status>open</wp:ping_status>
	<wp:post_id>78487116</wp:post_id>
	<wp:post_name>george-stronge</wp:post_name>
	<wp:status>publish</wp:status>
	<wp:post_parent>0</wp:post_parent>
	<wp:menu_order>0</wp:menu_order>
	<wp:post_type>post</wp:post_type>
	<wp:post_password></wp:post_password>
	<wp:is_sticky>0</wp:is_sticky>

	
</item>
