<item>
	<title>Miriam Erasmus</title>
	<link>http://support.saveueamusic.org/miriam-erasmus</link>
	<pubDate>Thu Nov 03 10:47:00 -0700 2011</pubDate>
	
	<dc:creator><![CDATA[saveueamusic]]></dc:creator>
	
	

	<category><![CDATA[Uncategorized]]></category>

	<category domain="category" nicename="uncategorized"><![CDATA[Uncategorized]]></category>

  <guid isPermaLink="false">http://support.saveueamusic.org/miriam-erasmus</guid>
	<description></description>
	<content:encoded><![CDATA[<blockquote class="posterous_medium_quote">
<p>Music is not just 'fun'. It teaches discipline, maths, logic, self control, application, concentration, group dynamics, social interaction. There are not many subjects that do all that, and provide humanity with such joy.</p>
<p>Only a truly ignorant, heartless society can survive without it - maybe a robotic one. Humans need music as much as birds and whales need to sing.</p>
<p>If you are looking for value for money, make the music dept. pay for itself with concerts and sales of books / compositions like the OUP used to.</p>
</blockquote>
<p>
<p><em>Miriam Erasmus,&nbsp;music teacher and professional singer</em></p>
</p>]]></content:encoded>
	<excerpt:encoded><![CDATA[Music is not just 'fun'. It teaches discipline, maths, logic, self control, application, concentration, group dynamics, social interaction. There are not many subjects that do all that, and provide humanity with such joy. Only a truly ignorant, he...]]></excerpt:encoded>	

	<wp:post_date>Thu Nov 03 10:47:00 -0700 2011</wp:post_date>
	<wp:post_date_gmt>Thu Nov 03 10:47:00 -0700 2011</wp:post_date_gmt>
	<wp:comment_status>open</wp:comment_status>
	<wp:ping_status>open</wp:ping_status>
	<wp:post_id>78486845</wp:post_id>
	<wp:post_name>miriam-erasmus</wp:post_name>
	<wp:status>publish</wp:status>
	<wp:post_parent>0</wp:post_parent>
	<wp:menu_order>0</wp:menu_order>
	<wp:post_type>post</wp:post_type>
	<wp:post_password></wp:post_password>
	<wp:is_sticky>0</wp:is_sticky>

	
</item>
