<item>
	<title>Jane Harrison</title>
	<link>http://support.saveueamusic.org/jane-harrison</link>
	<pubDate>Thu Nov 03 10:44:00 -0700 2011</pubDate>
	
	<dc:creator><![CDATA[saveueamusic]]></dc:creator>
	
	

	<category><![CDATA[Uncategorized]]></category>

	<category domain="category" nicename="uncategorized"><![CDATA[Uncategorized]]></category>

  <guid isPermaLink="false">http://support.saveueamusic.org/jane-harrison</guid>
	<description></description>
	<content:encoded><![CDATA[<blockquote class="posterous_medium_quote">
<p>My son has always wanted to attend the University's music department. He loves the atmosphere there and the whole university - he will be devastated if we have to start looking elsewhere.</p>
<p>I can't believe how short-sighted the officers are being - don't they know how much money music-based businesses contribute to our country?</p>
</blockquote>
<p>
<p class="p1"><em>Jane Harrison,&nbsp;prospective&nbsp;parent</em></p>
</p>]]></content:encoded>
	<excerpt:encoded><![CDATA[My son has always wanted to attend the University's music department. He loves the atmosphere there and the whole university - he will be devastated if we have to start looking elsewhere. I can't believe how short-sighted the officers are being - ...]]></excerpt:encoded>	

	<wp:post_date>Thu Nov 03 10:44:00 -0700 2011</wp:post_date>
	<wp:post_date_gmt>Thu Nov 03 10:44:00 -0700 2011</wp:post_date_gmt>
	<wp:comment_status>open</wp:comment_status>
	<wp:ping_status>open</wp:ping_status>
	<wp:post_id>78486626</wp:post_id>
	<wp:post_name>jane-harrison</wp:post_name>
	<wp:status>publish</wp:status>
	<wp:post_parent>0</wp:post_parent>
	<wp:menu_order>0</wp:menu_order>
	<wp:post_type>post</wp:post_type>
	<wp:post_password></wp:post_password>
	<wp:is_sticky>0</wp:is_sticky>

	
</item>
