<item>
	<title>Elizabeth Dobson</title>
	<link>http://support.saveueamusic.org/elizabeth-dobson</link>
	<pubDate>Thu Nov 03 10:32:00 -0700 2011</pubDate>
	
	<dc:creator><![CDATA[saveueamusic]]></dc:creator>
	
	

	<category><![CDATA[Uncategorized]]></category>

	<category domain="category" nicename="uncategorized"><![CDATA[Uncategorized]]></category>

  <guid isPermaLink="false">http://support.saveueamusic.org/elizabeth-dobson</guid>
	<description></description>
	<content:encoded><![CDATA[<blockquote class="posterous_medium_quote">
<p>We would be without some inspiring musicians, teachers, knowledge and sounds without some of the astounding graduates produced by UEA Music over the years. As a senior lecturer in music technology at Huddersfield University I see very clearly how the closure of this department will leave an irreplaceable hole in the university's cultural life, and the wider academic and music making community. The university need to be more creative about how the discipline is integrated and supported; it takes a long time to establish a community of genuine five star brilliance with high ranking recognition nationally and internationally. Think again because you clearly don't realise what you are about to lose forever. This is sent with a sincerely heavy heart.&nbsp;</p>
</blockquote>
<p><em>Elizabeth Dobson, musician</em></p>]]></content:encoded>
	<excerpt:encoded><![CDATA[We would be without some inspiring musicians, teachers, knowledge and sounds without some of the astounding graduates produced by UEA Music over the years. As a senior lecturer in music technology at Huddersfield University I see very clearly how ...]]></excerpt:encoded>	

	<wp:post_date>Thu Nov 03 10:32:00 -0700 2011</wp:post_date>
	<wp:post_date_gmt>Thu Nov 03 10:32:00 -0700 2011</wp:post_date_gmt>
	<wp:comment_status>open</wp:comment_status>
	<wp:ping_status>open</wp:ping_status>
	<wp:post_id>78485553</wp:post_id>
	<wp:post_name>elizabeth-dobson</wp:post_name>
	<wp:status>publish</wp:status>
	<wp:post_parent>0</wp:post_parent>
	<wp:menu_order>0</wp:menu_order>
	<wp:post_type>post</wp:post_type>
	<wp:post_password></wp:post_password>
	<wp:is_sticky>0</wp:is_sticky>

	
</item>
