<item>
	<title>Julia Usher</title>
	<link>http://support.saveueamusic.org/julia-usher</link>
	<pubDate>Thu Nov 03 10:40:00 -0700 2011</pubDate>
	
	<dc:creator><![CDATA[saveueamusic]]></dc:creator>
	
	

	<category><![CDATA[Uncategorized]]></category>

	<category domain="category" nicename="uncategorized"><![CDATA[Uncategorized]]></category>

  <guid isPermaLink="false">http://support.saveueamusic.org/julia-usher</guid>
	<description></description>
	<content:encoded><![CDATA[<p>This distinguished music department is part of the vital &nbsp;contribution that music makes to the economy, &nbsp;the cultural heritage and the development of contemporary creativity in Britain. It has been a beacon of &nbsp;advances in training, evolution and achievement in the musical arts. &nbsp;The work of the Electronic Studio has been world famous - I remember its early days in the 1980's, and the outstanding lead it took in developing what was innovative and inspiring to a whole generation of composers.</p>
<p>To destroy such an important powerhouse of excellence is &nbsp;vandalism.</p>
<p><em>Julia Usher, composer</em></p>]]></content:encoded>
	<excerpt:encoded><![CDATA[This distinguished music department is part of the vital contribution that music makes to the economy, the cultural heritage and the development of contemporary creativity in Britain. It has been a beacon of advances in training, evolution and ach...]]></excerpt:encoded>	

	<wp:post_date>Thu Nov 03 10:40:00 -0700 2011</wp:post_date>
	<wp:post_date_gmt>Thu Nov 03 10:40:00 -0700 2011</wp:post_date_gmt>
	<wp:comment_status>open</wp:comment_status>
	<wp:ping_status>open</wp:ping_status>
	<wp:post_id>78486203</wp:post_id>
	<wp:post_name>julia-usher</wp:post_name>
	<wp:status>publish</wp:status>
	<wp:post_parent>0</wp:post_parent>
	<wp:menu_order>0</wp:menu_order>
	<wp:post_type>post</wp:post_type>
	<wp:post_password></wp:post_password>
	<wp:is_sticky>0</wp:is_sticky>

	
</item>
