<item>
	<title>Jerzy Kornowicz</title>
	<link>http://support.saveueamusic.org/jerzy-kornowicz</link>
	<pubDate>Thu Nov 03 10:42:00 -0700 2011</pubDate>
	
	<dc:creator><![CDATA[saveueamusic]]></dc:creator>
	
	

	<category><![CDATA[Uncategorized]]></category>

	<category domain="category" nicename="uncategorized"><![CDATA[Uncategorized]]></category>

  <guid isPermaLink="false">http://support.saveueamusic.org/jerzy-kornowicz</guid>
	<description></description>
	<content:encoded><![CDATA[<blockquote class="posterous_medium_quote">
<p>Closing your School of Music will constitute our common loss. It is easy to destroy, difficult to build or rebuild. It is next sad news after these from Italy and Holland concerning closing orchestras, programs and music institutions. For a lot of us you - in England, in Old Europe - are particularly responsible for model of our culture. Economics never served here as a aim, but as an instrument of achieving something. What is going on with our countries? I realize that situation is complex, but your step will make it even more complex, in reality and &nbsp;principles.&nbsp;</p>
</blockquote>
<p><em>Jerzy Kornowicz, composer</em></p>]]></content:encoded>
	<excerpt:encoded><![CDATA[Closing your School of Music will constitute our common loss. It is easy to destroy, difficult to build or rebuild. It is next sad news after these from Italy and Holland concerning closing orchestras, programs and music institutions. For a lot of...]]></excerpt:encoded>	

	<wp:post_date>Thu Nov 03 10:42:00 -0700 2011</wp:post_date>
	<wp:post_date_gmt>Thu Nov 03 10:42:00 -0700 2011</wp:post_date_gmt>
	<wp:comment_status>open</wp:comment_status>
	<wp:ping_status>open</wp:ping_status>
	<wp:post_id>78486431</wp:post_id>
	<wp:post_name>jerzy-kornowicz</wp:post_name>
	<wp:status>publish</wp:status>
	<wp:post_parent>0</wp:post_parent>
	<wp:menu_order>0</wp:menu_order>
	<wp:post_type>post</wp:post_type>
	<wp:post_password></wp:post_password>
	<wp:is_sticky>0</wp:is_sticky>

	
</item>
