<item>
	<title>Sian Croose</title>
	<link>http://support.saveueamusic.org/sian-croose</link>
	<pubDate>Thu Nov 03 10:42:00 -0700 2011</pubDate>
	
	<dc:creator><![CDATA[saveueamusic]]></dc:creator>
	
	

	<category><![CDATA[Uncategorized]]></category>

	<category domain="category" nicename="uncategorized"><![CDATA[Uncategorized]]></category>

  <guid isPermaLink="false">http://support.saveueamusic.org/sian-croose</guid>
	<description></description>
	<content:encoded><![CDATA[<blockquote>
<p>Having read the report it is clearer why this decision is being made, however the demise of the department seem to have come about for a whole variety of reasons and to close it and therefore remove the possibility of music being offered as part of UEA's academic programme is very unfortunate. As a former UEA student, living in Norwich and running a music organisation that creates projects locally, nationally and internationally, I can say that graduates from UEA Music have played a key role in &nbsp;the development of our organisation. The decline of the department seems to have been contributed to by the lack of clear and inspired leadership - if this was a secondary school it would be transformed - by &nbsp;an new head teacher and re - motivated staff - not closed. It's impossible to quantify the contribution to the wider community made by staff and students of the department but In Harmony, The Voice Project and Community Music East have all been either created or sustained by UEA graduates. Thousands of adults and children in the county have benefitted from the work of these organisations and it is questionable whether they would have come about without UEA Music.&nbsp;</p>
</blockquote>
<p><em>Sian Croose,&nbsp;musician</em></p>]]></content:encoded>
	<excerpt:encoded><![CDATA[Having read the report it is clearer why this decision is being made, however the demise of the department seem to have come about for a whole variety of reasons and to close it and therefore remove the possibility of music being offered as part o...]]></excerpt:encoded>	

	<wp:post_date>Thu Nov 03 10:42:00 -0700 2011</wp:post_date>
	<wp:post_date_gmt>Thu Nov 03 10:42:00 -0700 2011</wp:post_date_gmt>
	<wp:comment_status>open</wp:comment_status>
	<wp:ping_status>open</wp:ping_status>
	<wp:post_id>78486371</wp:post_id>
	<wp:post_name>sian-croose</wp:post_name>
	<wp:status>publish</wp:status>
	<wp:post_parent>0</wp:post_parent>
	<wp:menu_order>0</wp:menu_order>
	<wp:post_type>post</wp:post_type>
	<wp:post_password></wp:post_password>
	<wp:is_sticky>0</wp:is_sticky>

	
</item>
