<item>
	<title>Rick Nance</title>
	<link>http://support.saveueamusic.org/rick-nance</link>
	<pubDate>Thu Nov 03 10:39:00 -0700 2011</pubDate>
	
	<dc:creator><![CDATA[saveueamusic]]></dc:creator>
	
	

	<category><![CDATA[Uncategorized]]></category>

	<category domain="category" nicename="uncategorized"><![CDATA[Uncategorized]]></category>

  <guid isPermaLink="false">http://support.saveueamusic.org/rick-nance</guid>
	<description></description>
	<content:encoded><![CDATA[<blockquote>
<p>This comes as a surprise, although maybe it shouldn't. It saddens me that the government we support would not, in return, support us.&nbsp;</p>
<p>And by us, I do not mean just the musicians of Higher Education, but the people for whom we really work. We work and create for the average man. Not always the average man of today, but sometime for his children of grandchildren. The people making these cuts are lacking vision and a sense of history and the future of this society. The short 'event horizon' of time-local politicians results in the same situations as that of ants for whom the chemical trail has been temporarily wiped from their limited senses. Confusion, lack of direction, and chaos.&nbsp;</p>
<p>Stand up and look to the future. Always staring at your shoes will get you smacked in traffic.</p>
</blockquote>
<p>
<p class="p1"><em>Rick Nance, composer</em></p>
</p>]]></content:encoded>
	<excerpt:encoded><![CDATA[This comes as a surprise, although maybe it shouldn't. It saddens me that the government we support would not, in return, support us. And by us, I do not mean just the musicians of Higher Education, but the people for whom we really work. We work ...]]></excerpt:encoded>	

	<wp:post_date>Thu Nov 03 10:39:00 -0700 2011</wp:post_date>
	<wp:post_date_gmt>Thu Nov 03 10:39:00 -0700 2011</wp:post_date_gmt>
	<wp:comment_status>open</wp:comment_status>
	<wp:ping_status>open</wp:ping_status>
	<wp:post_id>78486080</wp:post_id>
	<wp:post_name>rick-nance</wp:post_name>
	<wp:status>publish</wp:status>
	<wp:post_parent>0</wp:post_parent>
	<wp:menu_order>0</wp:menu_order>
	<wp:post_type>post</wp:post_type>
	<wp:post_password></wp:post_password>
	<wp:is_sticky>0</wp:is_sticky>

	
</item>
