<item>
	<title>Lindsay Stirton</title>
	<link>http://support.saveueamusic.org/lindsay-stirton</link>
	<pubDate>Thu Nov 03 10:46:00 -0700 2011</pubDate>
	
	<dc:creator><![CDATA[saveueamusic]]></dc:creator>
	
	

	<category><![CDATA[Uncategorized]]></category>

	<category domain="category" nicename="uncategorized"><![CDATA[Uncategorized]]></category>

  <guid isPermaLink="false">http://support.saveueamusic.org/lindsay-stirton</guid>
	<description></description>
	<content:encoded><![CDATA[<blockquote class="posterous_medium_quote">
<p>I was a lecturer in law at UEA 2002-2007. Although there were (and are) many good things about UEA, I became increasingly disillusioned at the way certain people in influential roles within the University saw themselves as 'management', rather than as servants of the academic community that is the university. I detect that same thinking in the decision to close Music. In the current economic and academic climate strategic choices have sometimes to be made. But the current decisions lack legitimacy, that is, the recognition among even those who are adversely affected by them that the procedures through which they were made were fair, open, transparent and rational.&nbsp;</p>
</blockquote>
<p>
<p class="p1"><em>Lindsay Stirton, former UEA Law lecturer</em></p>
</p>]]></content:encoded>
	<excerpt:encoded><![CDATA[I was a lecturer in law at UEA 2002-2007. Although there were (and are) many good things about UEA, I became increasingly disillusioned at the way certain people in influential roles within the University saw themselves as 'management', rather tha...]]></excerpt:encoded>	

	<wp:post_date>Thu Nov 03 10:46:00 -0700 2011</wp:post_date>
	<wp:post_date_gmt>Thu Nov 03 10:46:00 -0700 2011</wp:post_date_gmt>
	<wp:comment_status>open</wp:comment_status>
	<wp:ping_status>open</wp:ping_status>
	<wp:post_id>78486737</wp:post_id>
	<wp:post_name>lindsay-stirton</wp:post_name>
	<wp:status>publish</wp:status>
	<wp:post_parent>0</wp:post_parent>
	<wp:menu_order>0</wp:menu_order>
	<wp:post_type>post</wp:post_type>
	<wp:post_password></wp:post_password>
	<wp:is_sticky>0</wp:is_sticky>

	
</item>
