<item>
	<title>Carlos Lopez-Real</title>
	<link>http://support.saveueamusic.org/carlos-lopez-real</link>
	<pubDate>Thu Nov 03 10:41:00 -0700 2011</pubDate>
	
	<dc:creator><![CDATA[saveueamusic]]></dc:creator>
	
	

	<category><![CDATA[Uncategorized]]></category>

	<category domain="category" nicename="uncategorized"><![CDATA[Uncategorized]]></category>

  <guid isPermaLink="false">http://support.saveueamusic.org/carlos-lopez-real</guid>
	<description></description>
	<content:encoded><![CDATA[<blockquote class="posterous_medium_quote">
<p>Absolutely shocked to hear about this. As a professional musician of 20 years, and currently a professor at the Guildhall school of music, some of the most creative musicians I've worked with over the years have trained at UEA. It will be a body blow the UK music scene if this closure is allowed to happen.</p>
</blockquote>
<p>
<p class="p1"><em>Carlos Lopez-Real, jazz musician</em></p>
</p>]]></content:encoded>
	<excerpt:encoded><![CDATA[Absolutely shocked to hear about this. As a professional musician of 20 years, and currently a professor at the Guildhall school of music, some of the most creative musicians I've worked with over the years have trained at UEA. It will be a body b...]]></excerpt:encoded>	

	<wp:post_date>Thu Nov 03 10:41:00 -0700 2011</wp:post_date>
	<wp:post_date_gmt>Thu Nov 03 10:41:00 -0700 2011</wp:post_date_gmt>
	<wp:comment_status>open</wp:comment_status>
	<wp:ping_status>open</wp:ping_status>
	<wp:post_id>78486305</wp:post_id>
	<wp:post_name>carlos-lopez-real</wp:post_name>
	<wp:status>publish</wp:status>
	<wp:post_parent>0</wp:post_parent>
	<wp:menu_order>0</wp:menu_order>
	<wp:post_type>post</wp:post_type>
	<wp:post_password></wp:post_password>
	<wp:is_sticky>0</wp:is_sticky>

	
</item>
