<item>
	<title>Stephen King</title>
	<link>http://support.saveueamusic.org/stephen-king</link>
	<pubDate>Thu Nov 03 10:35:00 -0700 2011</pubDate>
	
	<dc:creator><![CDATA[saveueamusic]]></dc:creator>
	
	

	<category><![CDATA[Uncategorized]]></category>

	<category domain="category" nicename="uncategorized"><![CDATA[Uncategorized]]></category>

  <guid isPermaLink="false">http://support.saveueamusic.org/stephen-king</guid>
	<description></description>
	<content:encoded><![CDATA[<blockquote class="posterous_medium_quote">
<p>I am a parent of one of the 2011/12 intake and am appalled to hear this news so soon after the course has started. I think this is a short sighted decision and will be writing more fully to the VC asap regarding this and will also tell him why we chose UEA over Bath Spa and University of Surrey.</p>
</blockquote>
<p><em>Stephen King,&nbsp;parent</em></p>]]></content:encoded>
	<excerpt:encoded><![CDATA[I am a parent of one of the 2011/12 intake and am appalled to hear this news so soon after the course has started. I think this is a short sighted decision and will be writing more fully to the VC asap regarding this and will also tell him why we ...]]></excerpt:encoded>	

	<wp:post_date>Thu Nov 03 10:35:00 -0700 2011</wp:post_date>
	<wp:post_date_gmt>Thu Nov 03 10:35:00 -0700 2011</wp:post_date_gmt>
	<wp:comment_status>open</wp:comment_status>
	<wp:ping_status>open</wp:ping_status>
	<wp:post_id>78485782</wp:post_id>
	<wp:post_name>stephen-king</wp:post_name>
	<wp:status>publish</wp:status>
	<wp:post_parent>0</wp:post_parent>
	<wp:menu_order>0</wp:menu_order>
	<wp:post_type>post</wp:post_type>
	<wp:post_password></wp:post_password>
	<wp:is_sticky>0</wp:is_sticky>

	
</item>
