<item>
	<title>Charlotte Mafham</title>
	<link>http://support.saveueamusic.org/charlotte-mafham</link>
	<pubDate>Thu Nov 03 10:43:00 -0700 2011</pubDate>
	
	<dc:creator><![CDATA[saveueamusic]]></dc:creator>
	
	

	<category><![CDATA[Uncategorized]]></category>

	<category domain="category" nicename="uncategorized"><![CDATA[Uncategorized]]></category>

  <guid isPermaLink="false">http://support.saveueamusic.org/charlotte-mafham</guid>
	<description></description>
	<content:encoded><![CDATA[<blockquote class="posterous_medium_quote">
<p>Not only is the school of music an incredibly valuable course for those that study within it but if the school goes so will all the extra-curricular music opportunities. My life at university (as a politics and philosophy student) was massively enriched by my participation in the university orchestra and it would be hugely detrimental to future students (and the reputation of the university) if music was not available. Please reconsider your decision and find a way to keep music at UEA.</p>
</blockquote>
<p><em>Charlotte Mafham, former UEA Politics &amp; Philosophy student</em></p>]]></content:encoded>
	<excerpt:encoded><![CDATA[Not only is the school of music an incredibly valuable course for those that study within it but if the school goes so will all the extra-curricular music opportunities. My life at university (as a politics and philosophy student) was massively en...]]></excerpt:encoded>	

	<wp:post_date>Thu Nov 03 10:43:00 -0700 2011</wp:post_date>
	<wp:post_date_gmt>Thu Nov 03 10:43:00 -0700 2011</wp:post_date_gmt>
	<wp:comment_status>open</wp:comment_status>
	<wp:ping_status>open</wp:ping_status>
	<wp:post_id>78486537</wp:post_id>
	<wp:post_name>charlotte-mafham</wp:post_name>
	<wp:status>publish</wp:status>
	<wp:post_parent>0</wp:post_parent>
	<wp:menu_order>0</wp:menu_order>
	<wp:post_type>post</wp:post_type>
	<wp:post_password></wp:post_password>
	<wp:is_sticky>0</wp:is_sticky>

	
</item>
