<item>
	<title>David Lowe</title>
	<link>http://support.saveueamusic.org/david-lowe</link>
	<pubDate>Thu Nov 03 10:34:00 -0700 2011</pubDate>
	
	<dc:creator><![CDATA[saveueamusic]]></dc:creator>
	
	

	<category><![CDATA[Uncategorized]]></category>

	<category domain="category" nicename="uncategorized"><![CDATA[Uncategorized]]></category>

  <guid isPermaLink="false">http://support.saveueamusic.org/david-lowe</guid>
	<description></description>
	<content:encoded><![CDATA[<blockquote class="posterous_medium_quote">
<p>As a former, recent Master of the Music of Norwich Cathedral I am acutely aware of the value of UEA Music. The department has been in the vanguard of modern university music faculties in establishing a balanced regime &nbsp;of academic and practical music teaching. It has been a breeding ground for several generations of musicians who combine well-grounded academic research with academically enlightened performance - exactly what is needed by the current music profession. The size of the faculty is also very attractive in offering better individually customised learning than that possible in those institutions where student numbers are larger. It would be an absolute tragedy were this to be destroyed.</p>
</blockquote>
<p>
<p class="p1"><em>David Lowe, former Master of the Music at Norwich Cathedral</em></p>
</p>]]></content:encoded>
	<excerpt:encoded><![CDATA[As a former, recent Master of the Music of Norwich Cathedral I am acutely aware of the value of UEA Music. The department has been in the vanguard of modern university music faculties in establishing a balanced regime of academic and practical mus...]]></excerpt:encoded>	

	<wp:post_date>Thu Nov 03 10:34:00 -0700 2011</wp:post_date>
	<wp:post_date_gmt>Thu Nov 03 10:34:00 -0700 2011</wp:post_date_gmt>
	<wp:comment_status>open</wp:comment_status>
	<wp:ping_status>open</wp:ping_status>
	<wp:post_id>78485661</wp:post_id>
	<wp:post_name>david-lowe</wp:post_name>
	<wp:status>publish</wp:status>
	<wp:post_parent>0</wp:post_parent>
	<wp:menu_order>0</wp:menu_order>
	<wp:post_type>post</wp:post_type>
	<wp:post_password></wp:post_password>
	<wp:is_sticky>0</wp:is_sticky>

	
</item>
