<item>
	<title>Nathan Waring</title>
	<link>http://support.saveueamusic.org/nathan-waring</link>
	<pubDate>Thu Nov 03 10:37:00 -0700 2011</pubDate>
	
	<dc:creator><![CDATA[saveueamusic]]></dc:creator>
	
	

	<category><![CDATA[Uncategorized]]></category>

	<category domain="category" nicename="uncategorized"><![CDATA[Uncategorized]]></category>

  <guid isPermaLink="false">http://support.saveueamusic.org/nathan-waring</guid>
	<description></description>
	<content:encoded><![CDATA[<blockquote>
<p>The idea of closing an important HE music establishment in Norfolk is a very short-sighted notion. &nbsp;As an employer in the region and a former undergrad and postgrad student of the UEA Music School myself, I have been able to support the careers of local graduating music students. &nbsp;With no UEA music department to attract young talent to the region, employers in the fields of entertainment,media or education will no longer benefit from local music graduates. &nbsp;Graduates who have stayed in the region have made a real impact in its musical life - as teachers, performers or otherwise.</p>
<p>Music is not an expendable commodity and closing such a highly-valued department in a University of such a small city is unthinkable - especially in a time when the arts as a whole in this country are baring the brunt of massive cuts to their funding. &nbsp;The events and concerts run by the UEA School of Music contribute massively to the vibrant musical scene in Norwich. &nbsp;In a time when the country and the region are also gearing up to celebrate the centenary of one of the most famous composers in British history - Benjamin Britten, it would be quite absurd to close the one department that when alive, Britten supported so closely. &nbsp;Events to mark his centenary in 2013 are already being planned and the UEA music school is an important part of those celebrations. &nbsp;Please vote NOT to close such an important and highly-valued music school.</p>
</blockquote>
<p>
<p class="p1"><em>Nathan Waring, former student &amp; local employer</em></p>
</p>]]></content:encoded>
	<excerpt:encoded><![CDATA[The idea of closing an important HE music establishment in Norfolk is a very short-sighted notion. As an employer in the region and a former undergrad and postgrad student of the UEA Music School myself, I have been able to support the careers of ...]]></excerpt:encoded>	

	<wp:post_date>Thu Nov 03 10:37:00 -0700 2011</wp:post_date>
	<wp:post_date_gmt>Thu Nov 03 10:37:00 -0700 2011</wp:post_date_gmt>
	<wp:comment_status>open</wp:comment_status>
	<wp:ping_status>open</wp:ping_status>
	<wp:post_id>78485953</wp:post_id>
	<wp:post_name>nathan-waring</wp:post_name>
	<wp:status>publish</wp:status>
	<wp:post_parent>0</wp:post_parent>
	<wp:menu_order>0</wp:menu_order>
	<wp:post_type>post</wp:post_type>
	<wp:post_password></wp:post_password>
	<wp:is_sticky>0</wp:is_sticky>

	
</item>
