<item>
	<title>Jonathan Gulliford</title>
	<link>http://support.saveueamusic.org/jonathan-gulliford</link>
	<pubDate>Thu Nov 03 10:48:00 -0700 2011</pubDate>
	
	<dc:creator><![CDATA[saveueamusic]]></dc:creator>
	
	

	<category><![CDATA[Uncategorized]]></category>

	<category domain="category" nicename="uncategorized"><![CDATA[Uncategorized]]></category>

  <guid isPermaLink="false">http://support.saveueamusic.org/jonathan-gulliford</guid>
	<description></description>
	<content:encoded><![CDATA[<blockquote>
<p>I was one of the 10 music students to graduate in 1976. The department was beginning to develop its reputation at the time, and each student was inspired by the atmosphere created at both department and university levels to ""do different"" and to partake in as many musical activities as possible. The status of the UEA degree was enhanced by the leadership of Sir Philip Ledger and Professor Peter Aston and by the success of its early students. The curriculum was delivered in small tutorials and seminars (an enviable situation when compared to provision at university in 2011), and each student was known by name and nurtured. Those of us who chose to specialise in Performance, were lucky enough to be sent to teachers and performers of national reputation - weekly, and with all expenses paid by the university. That was a time when UEA had vision. I have recently retired after enjoying a 34 year career in music teaching at a state school in Merthyr Tydfil, South Wales. Many of my former pupils are graduates of this department, and like me, their musical personalities have been honed by this special place. To witness its demise, would mean the loss of a unique department, the loss of part of UEA's soul, the loss of links between 'town and gown', Norwich Cathedral, and the musical ethos of the city and East Anglia region. The report makes sad reading, but do not be fooled, the closure has been cleverly orchestrated for years by the university authorities; underfunding, failure to appoint a Head of School after the death of Professor David Chadd, &nbsp;a preoccupation amongst the education community with league tables, financial 'viability', and the rule of market forces. I implore the UEA Governing Body to learn from the mistakes made when Music was 'cut' at Aberystwyth, &nbsp;Exeter and Reading Universities - the intangible was lost, and some of each university's 'raison d'etre' was compromised. &nbsp;DO DIFFERENT!</p>
</blockquote>
<p>
<p class="p1"><em>Jonathan Gulliford, retired music teacher</em></p>
</p>]]></content:encoded>
	<excerpt:encoded><![CDATA[I was one of the 10 music students to graduate in 1976. The department was beginning to develop its reputation at the time, and each student was inspired by the atmosphere created at both department and university levels to ""do different"" and to...]]></excerpt:encoded>	

	<wp:post_date>Thu Nov 03 10:48:00 -0700 2011</wp:post_date>
	<wp:post_date_gmt>Thu Nov 03 10:48:00 -0700 2011</wp:post_date_gmt>
	<wp:comment_status>open</wp:comment_status>
	<wp:ping_status>open</wp:ping_status>
	<wp:post_id>78486959</wp:post_id>
	<wp:post_name>jonathan-gulliford</wp:post_name>
	<wp:status>publish</wp:status>
	<wp:post_parent>0</wp:post_parent>
	<wp:menu_order>0</wp:menu_order>
	<wp:post_type>post</wp:post_type>
	<wp:post_password></wp:post_password>
	<wp:is_sticky>0</wp:is_sticky>

	
</item>
