<item>
	<title>Prof. Richard Wistreich</title>
	<link>http://support.saveueamusic.org/prof-richard-wistreich</link>
	<pubDate>Fri Nov 04 04:30:00 -0700 2011</pubDate>
	
	<dc:creator><![CDATA[saveueamusic]]></dc:creator>
	
	

	<category><![CDATA[Uncategorized]]></category>

	<category domain="category" nicename="uncategorized"><![CDATA[Uncategorized]]></category>

  <guid isPermaLink="false">http://support.saveueamusic.org/prof-richard-wistreich</guid>
	<description></description>
	<content:encoded><![CDATA[<blockquote class="posterous_medium_quote">
<p>This is by no means the thin end of the wedge - UEA is a really important and very innovative music department that has been pumping out really important work and excellent graduates for decades. If we let them take this one down, nobody is safe.</p>
</blockquote>
<p><em>Professor Richard Wistreich, Dean of Research and Enterprise, Royal Northern College of Music</em></p>]]></content:encoded>
	<excerpt:encoded><![CDATA[This is by no means the thin end of the wedge - UEA is a really important and very innovative music department that has been pumping out really important work and excellent graduates for decades. If we let them take this one down, nobody is safe. ...]]></excerpt:encoded>	

	<wp:post_date>Fri Nov 04 04:30:00 -0700 2011</wp:post_date>
	<wp:post_date_gmt>Fri Nov 04 04:30:00 -0700 2011</wp:post_date_gmt>
	<wp:comment_status>open</wp:comment_status>
	<wp:ping_status>open</wp:ping_status>
	<wp:post_id>78607379</wp:post_id>
	<wp:post_name>prof-richard-wistreich</wp:post_name>
	<wp:status>publish</wp:status>
	<wp:post_parent>0</wp:post_parent>
	<wp:menu_order>0</wp:menu_order>
	<wp:post_type>post</wp:post_type>
	<wp:post_password></wp:post_password>
	<wp:is_sticky>0</wp:is_sticky>

	
</item>
