<item>
	<title>Judith Robinson</title>
	<link>http://support.saveueamusic.org/judith-robinson</link>
	<pubDate>Fri Nov 04 07:41:00 -0700 2011</pubDate>
	
	<dc:creator><![CDATA[saveueamusic]]></dc:creator>
	
	

	<category><![CDATA[Uncategorized]]></category>

	<category domain="category" nicename="uncategorized"><![CDATA[Uncategorized]]></category>

  <guid isPermaLink="false">http://support.saveueamusic.org/judith-robinson</guid>
	<description></description>
	<content:encoded><![CDATA[<blockquote class="posterous_medium_quote">
<p>The UEA music department has a long history of producing interesting, inquisitive and accomplished graduates as a result of its teaching ethos and staff. &nbsp;To close the department will be an act of cultural vandalism!</p>
</blockquote>
<p><em>Judith Robinson, arts manager</em></p>]]></content:encoded>
	<excerpt:encoded><![CDATA[The UEA music department has a long history of producing interesting, inquisitive and accomplished graduates as a result of its teaching ethos and staff. To close the department will be an act of cultural vandalism! Judith Robinson, arts manager]]></excerpt:encoded>	

	<wp:post_date>Fri Nov 04 07:41:00 -0700 2011</wp:post_date>
	<wp:post_date_gmt>Fri Nov 04 07:41:00 -0700 2011</wp:post_date_gmt>
	<wp:comment_status>open</wp:comment_status>
	<wp:ping_status>open</wp:ping_status>
	<wp:post_id>78625714</wp:post_id>
	<wp:post_name>judith-robinson</wp:post_name>
	<wp:status>publish</wp:status>
	<wp:post_parent>0</wp:post_parent>
	<wp:menu_order>0</wp:menu_order>
	<wp:post_type>post</wp:post_type>
	<wp:post_password></wp:post_password>
	<wp:is_sticky>0</wp:is_sticky>

	
</item>
