<item>
	<title>Professor Andy Gleadhill</title>
	<link>http://support.saveueamusic.org/professor-andy-gleadhill</link>
	<pubDate>Sun Nov 06 02:54:00 -0800 2011</pubDate>
	
	<dc:creator><![CDATA[saveueamusic]]></dc:creator>
	
	

	<category><![CDATA[Uncategorized]]></category>

	<category domain="category" nicename="uncategorized"><![CDATA[Uncategorized]]></category>

  <guid isPermaLink="false">http://support.saveueamusic.org/professor-andy-gleadhill</guid>
	<description></description>
	<content:encoded><![CDATA[<blockquote class="posterous_medium_quote">
<p>The work of the UEA music department is a testament to forward thinking in graduate music education. The electro Research and compositional work is world renowned. It has also been the birth place of so many composers as well as cross cultural/arts/media collaborations. If we no longer offer this fine city a graduate music course of quality we are denying our future musicians And shaming ourselves.</p>
</blockquote>
<p><em>Professor Andy Gleadhill, The Bristol Centre for Music And the Arts</em></p>]]></content:encoded>
	<excerpt:encoded><![CDATA[The work of the UEA music department is a testament to forward thinking in graduate music education. The electro Research and compositional work is world renowned. It has also been the birth place of so many composers as well as cross cultural/art...]]></excerpt:encoded>	

	<wp:post_date>Sun Nov 06 02:54:00 -0800 2011</wp:post_date>
	<wp:post_date_gmt>Sun Nov 06 02:54:00 -0800 2011</wp:post_date_gmt>
	<wp:comment_status>open</wp:comment_status>
	<wp:ping_status>open</wp:ping_status>
	<wp:post_id>78848614</wp:post_id>
	<wp:post_name>professor-andy-gleadhill</wp:post_name>
	<wp:status>publish</wp:status>
	<wp:post_parent>0</wp:post_parent>
	<wp:menu_order>0</wp:menu_order>
	<wp:post_type>post</wp:post_type>
	<wp:post_password></wp:post_password>
	<wp:is_sticky>0</wp:is_sticky>

	
</item>
