<item>
	<title>Professor Barry Cooper</title>
	<link>http://support.saveueamusic.org/professor-barry-cooper</link>
	<pubDate>Mon Nov 07 03:49:00 -0800 2011</pubDate>
	
	<dc:creator><![CDATA[saveueamusic]]></dc:creator>
	
	

	<category><![CDATA[Uncategorized]]></category>

	<category domain="category" nicename="uncategorized"><![CDATA[Uncategorized]]></category>

  <guid isPermaLink="false">http://support.saveueamusic.org/professor-barry-cooper</guid>
	<description></description>
	<content:encoded><![CDATA[<blockquote class="posterous_medium_quote">
<p>I myself was a victim of a similar closure of the Music Department at the University of Aberdeen in 1990-91. Figures were massaged in all sorts of ways to distort the true picture, thus grossly exaggerating the case for closure, and wider considerations relating to the community were ignored. The folly of the decision became clear to all, including the university authorities, within a decade, and the department was eventually reopened at considerable expense, which could have been avoided had it not been closed in the first place. I urge UEA not to go down the same route and commit the same follies.&nbsp;</p>
</blockquote>
<p><em>Professor Barry Cooper, University of Manchester</em></p>]]></content:encoded>
	<excerpt:encoded><![CDATA[I myself was a victim of a similar closure of the Music Department at the University of Aberdeen in 1990-91. Figures were massaged in all sorts of ways to distort the true picture, thus grossly exaggerating the case for closure, and wider consider...]]></excerpt:encoded>	

	<wp:post_date>Mon Nov 07 03:49:00 -0800 2011</wp:post_date>
	<wp:post_date_gmt>Mon Nov 07 03:49:00 -0800 2011</wp:post_date_gmt>
	<wp:comment_status>open</wp:comment_status>
	<wp:ping_status>open</wp:ping_status>
	<wp:post_id>78992166</wp:post_id>
	<wp:post_name>professor-barry-cooper</wp:post_name>
	<wp:status>publish</wp:status>
	<wp:post_parent>0</wp:post_parent>
	<wp:menu_order>0</wp:menu_order>
	<wp:post_type>post</wp:post_type>
	<wp:post_password></wp:post_password>
	<wp:is_sticky>0</wp:is_sticky>

	
</item>
