<item>
	<title>Dr. John Ruddick</title>
	<link>http://support.saveueamusic.org/dr-john-ruddick</link>
	<pubDate>Mon Nov 07 03:54:00 -0800 2011</pubDate>
	
	<dc:creator><![CDATA[saveueamusic]]></dc:creator>
	
	
		<category domain="tag" nicename="academia"><![CDATA[academia]]></category>
	

	<category><![CDATA[Uncategorized]]></category>

	<category domain="category" nicename="uncategorized"><![CDATA[Uncategorized]]></category>

  <guid isPermaLink="false">http://support.saveueamusic.org/dr-john-ruddick</guid>
	<description></description>
	<content:encoded><![CDATA[<blockquote class="posterous_medium_quote">
<p>Of all the arts, music enriches individual, groups, and the community at large in a way which is quite unique. &nbsp;It encourages people to work together, aids social cohesion, and heightens sensitivity to others. I can perhaps forgive politicians for their ignorance, but for a university there is really no excuse, and I am genuinely shocked that such a body is even considering this move. &nbsp;What message are you sending out to students and the community at large ? I urge you to re-consider this attempted step back towards the dark ages.</p>
</blockquote>
<p><em>Dr. John Ruddick,&nbsp;Musical Director,&nbsp;Midland Youth Jazz Orchestra</em></p>]]></content:encoded>
	<excerpt:encoded><![CDATA[Of all the arts, music enriches individual, groups, and the community at large in a way which is quite unique. It encourages people to work together, aids social cohesion, and heightens sensitivity to others. I can perhaps forgive politicians for ...]]></excerpt:encoded>	

	<wp:post_date>Mon Nov 07 03:54:00 -0800 2011</wp:post_date>
	<wp:post_date_gmt>Mon Nov 07 03:54:00 -0800 2011</wp:post_date_gmt>
	<wp:comment_status>open</wp:comment_status>
	<wp:ping_status>open</wp:ping_status>
	<wp:post_id>78992632</wp:post_id>
	<wp:post_name>dr-john-ruddick</wp:post_name>
	<wp:status>publish</wp:status>
	<wp:post_parent>0</wp:post_parent>
	<wp:menu_order>0</wp:menu_order>
	<wp:post_type>post</wp:post_type>
	<wp:post_password></wp:post_password>
	<wp:is_sticky>0</wp:is_sticky>

	
</item>
