<item>
	<title>Professor Philip Grange</title>
	<link>http://support.saveueamusic.org/professor-philip-grange</link>
	<pubDate>Mon Nov 07 03:57:00 -0800 2011</pubDate>
	
	<dc:creator><![CDATA[saveueamusic]]></dc:creator>
	
	

	<category><![CDATA[Uncategorized]]></category>

	<category domain="category" nicename="uncategorized"><![CDATA[Uncategorized]]></category>

  <guid isPermaLink="false">http://support.saveueamusic.org/professor-philip-grange</guid>
	<description></description>
	<content:encoded><![CDATA[<blockquote class="posterous_medium_quote">
<p>The loss of the Music Department at UEA will leave yet another large swathe of the UK without the focal point for creative and artistic endeavour in music that such a department provides for a region. (The other is the South West).</p>
<p>Furthermore the UEA will be consigning itself to the ranks of the second rate, as it cannot be mere coincidence that only the top universities in the country boast music departments.</p>
</blockquote>
<p><em>Professor Philip Grange,&nbsp;University of Manchester</em></p>]]></content:encoded>
	<excerpt:encoded><![CDATA[The loss of the Music Department at UEA will leave yet another large swathe of the UK without the focal point for creative and artistic endeavour in music that such a department provides for a region. (The other is the South West). Furthermore the...]]></excerpt:encoded>	

	<wp:post_date>Mon Nov 07 03:57:00 -0800 2011</wp:post_date>
	<wp:post_date_gmt>Mon Nov 07 03:57:00 -0800 2011</wp:post_date_gmt>
	<wp:comment_status>open</wp:comment_status>
	<wp:ping_status>open</wp:ping_status>
	<wp:post_id>78992930</wp:post_id>
	<wp:post_name>professor-philip-grange</wp:post_name>
	<wp:status>publish</wp:status>
	<wp:post_parent>0</wp:post_parent>
	<wp:menu_order>0</wp:menu_order>
	<wp:post_type>post</wp:post_type>
	<wp:post_password></wp:post_password>
	<wp:is_sticky>0</wp:is_sticky>

	
</item>
