<item>
	<title>Lucy Neville</title>
	<link>http://support.saveueamusic.org/lucy-neville</link>
	<pubDate>Mon Nov 07 03:51:00 -0800 2011</pubDate>
	
	<dc:creator><![CDATA[saveueamusic]]></dc:creator>
	
	

	<category><![CDATA[Uncategorized]]></category>

	<category domain="category" nicename="uncategorized"><![CDATA[Uncategorized]]></category>

  <guid isPermaLink="false">http://support.saveueamusic.org/lucy-neville</guid>
	<description></description>
	<content:encoded><![CDATA[<blockquote class="posterous_medium_quote">
<p>This is a respected forward thinking course - a rarity - not simply a factory for players. That this is being considered at all is mean-spirited, ill-judged and depressing. Music makes the world go round - not money.</p>
</blockquote>
<p><em>Lucy Neville, Royal College of Art</em></p>]]></content:encoded>
	<excerpt:encoded><![CDATA[This is a respected forward thinking course - a rarity - not simply a factory for players. That this is being considered at all is mean-spirited, ill-judged and depressing. Music makes the world go round - not money. Lucy Neville, Royal College of...]]></excerpt:encoded>	

	<wp:post_date>Mon Nov 07 03:51:00 -0800 2011</wp:post_date>
	<wp:post_date_gmt>Mon Nov 07 03:51:00 -0800 2011</wp:post_date_gmt>
	<wp:comment_status>open</wp:comment_status>
	<wp:ping_status>open</wp:ping_status>
	<wp:post_id>78992407</wp:post_id>
	<wp:post_name>lucy-neville</wp:post_name>
	<wp:status>publish</wp:status>
	<wp:post_parent>0</wp:post_parent>
	<wp:menu_order>0</wp:menu_order>
	<wp:post_type>post</wp:post_type>
	<wp:post_password></wp:post_password>
	<wp:is_sticky>0</wp:is_sticky>

	
</item>
