<item>
	<title>Robert Rickard</title>
	<link>http://support.saveueamusic.org/robert-rickard</link>
	<pubDate>Mon Nov 07 03:53:00 -0800 2011</pubDate>
	
	<dc:creator><![CDATA[saveueamusic]]></dc:creator>
	
	

	<category><![CDATA[Uncategorized]]></category>

	<category domain="category" nicename="uncategorized"><![CDATA[Uncategorized]]></category>

  <guid isPermaLink="false">http://support.saveueamusic.org/robert-rickard</guid>
	<description></description>
	<content:encoded><![CDATA[<blockquote class="posterous_medium_quote">
<p>As Chair of Thetford Music Project, a local registered charity offering young people in a culturally and economically isolated part of the region a chance to learn music from scratch, the absence of a university destination to which they might aspire, cannot be good for them or their families.</p>
</blockquote>
<p><em>Robert Rickard,&nbsp;Chair of Thetford Music Project</em></p>]]></content:encoded>
	<excerpt:encoded><![CDATA[As Chair of Thetford Music Project, a local registered charity offering young people in a culturally and economically isolated part of the region a chance to learn music from scratch, the absence of a university destination to which they might asp...]]></excerpt:encoded>	

	<wp:post_date>Mon Nov 07 03:53:00 -0800 2011</wp:post_date>
	<wp:post_date_gmt>Mon Nov 07 03:53:00 -0800 2011</wp:post_date_gmt>
	<wp:comment_status>open</wp:comment_status>
	<wp:ping_status>open</wp:ping_status>
	<wp:post_id>78992537</wp:post_id>
	<wp:post_name>robert-rickard</wp:post_name>
	<wp:status>publish</wp:status>
	<wp:post_parent>0</wp:post_parent>
	<wp:menu_order>0</wp:menu_order>
	<wp:post_type>post</wp:post_type>
	<wp:post_password></wp:post_password>
	<wp:is_sticky>0</wp:is_sticky>

	
</item>
