<item>
	<title>Dr Alistair MacDonald</title>
	<link>http://support.saveueamusic.org/dr-alistair-macdonald</link>
	<pubDate>Mon Nov 07 08:17:00 -0800 2011</pubDate>
	
	<dc:creator><![CDATA[saveueamusic]]></dc:creator>
	
	

	<category><![CDATA[Uncategorized]]></category>

	<category domain="category" nicename="uncategorized"><![CDATA[Uncategorized]]></category>

  <guid isPermaLink="false">http://support.saveueamusic.org/dr-alistair-macdonald</guid>
	<description></description>
	<content:encoded><![CDATA[<blockquote class="posterous_medium_quote">
<p>I read with sadness the news that UEA faces the prospect of losing its Music Department. This would be a loss not only to the University, city and region, but to the community of practice and research to which it makes a valuable contribution. The department has always punched well above its weight in a number of areas. Its sonic arts facilities have, since the inception of the department, facilitated some remarkable work from staff and students. Graduates, like me, have gone on to make a significant mark on the field. As you might imagine, I have received many emails from friends and colleagues wondering what can be done to support the department - looking at the lists of names in these emails of those former students concerned about the closure I see just how many important alumni it produced.</p>
<p>I was remarkably fortunate in my Masters degree, in the early 80s, to benefit from the unique courses, resources and reputation that such a small department housed. I have followed the department's continuing development since then and see continued evidence of excellence. I trust that the senate will consult widely before making any final decision, and I hope that you are able, finally, to support investment rather than closure. The drear alternative of a 'music service unit' doesn't bear thinking about.</p>
</blockquote>
<p><em>Dr Alistair MacDonald,&nbsp;Director of Electroacoustic Music Studios &amp;&nbsp;Acting Head of BMus,&nbsp;Royal Conservatoire of Scotland</em></p>]]></content:encoded>
	<excerpt:encoded><![CDATA[I read with sadness the news that UEA faces the prospect of losing its Music Department. This would be a loss not only to the University, city and region, but to the community of practice and research to which it makes a valuable contribution. The...]]></excerpt:encoded>	

	<wp:post_date>Mon Nov 07 08:17:00 -0800 2011</wp:post_date>
	<wp:post_date_gmt>Mon Nov 07 08:17:00 -0800 2011</wp:post_date_gmt>
	<wp:comment_status>open</wp:comment_status>
	<wp:ping_status>open</wp:ping_status>
	<wp:post_id>79019474</wp:post_id>
	<wp:post_name>dr-alistair-macdonald</wp:post_name>
	<wp:status>publish</wp:status>
	<wp:post_parent>0</wp:post_parent>
	<wp:menu_order>0</wp:menu_order>
	<wp:post_type>post</wp:post_type>
	<wp:post_password></wp:post_password>
	<wp:is_sticky>0</wp:is_sticky>

	
</item>
