<item>
	<title>Stuart Hobday</title>
	<link>http://support.saveueamusic.org/stuart-hobday</link>
	<pubDate>Mon Nov 07 08:22:00 -0800 2011</pubDate>
	
	<dc:creator><![CDATA[saveueamusic]]></dc:creator>
	
	

	<category><![CDATA[Uncategorized]]></category>

	<category domain="category" nicename="uncategorized"><![CDATA[Uncategorized]]></category>

  <guid isPermaLink="false">http://support.saveueamusic.org/stuart-hobday</guid>
	<description></description>
	<content:encoded><![CDATA[<blockquote class="posterous_medium_quote">
<p>UEA music graduates have played a significant role in ensuring a continuing healthy and creative music scene which has been recognised nationally and is economically significant in the city. As Manager of one of the city's venues i believe this decision would have a very negative impact of the musical life of the city as a whole.</p>
</blockquote>
<p><em>Stuart Hobday, Manager, Norwich Arts Centre</em></p>]]></content:encoded>
	<excerpt:encoded><![CDATA[UEA music graduates have played a significant role in ensuring a continuing healthy and creative music scene which has been recognised nationally and is economically significant in the city. As Manager of one of the city's venues i believe this de...]]></excerpt:encoded>	

	<wp:post_date>Mon Nov 07 08:22:00 -0800 2011</wp:post_date>
	<wp:post_date_gmt>Mon Nov 07 08:22:00 -0800 2011</wp:post_date_gmt>
	<wp:comment_status>open</wp:comment_status>
	<wp:ping_status>open</wp:ping_status>
	<wp:post_id>79019681</wp:post_id>
	<wp:post_name>stuart-hobday</wp:post_name>
	<wp:status>publish</wp:status>
	<wp:post_parent>0</wp:post_parent>
	<wp:menu_order>0</wp:menu_order>
	<wp:post_type>post</wp:post_type>
	<wp:post_password></wp:post_password>
	<wp:is_sticky>0</wp:is_sticky>

	
</item>
