<item>
	<title>Trevor Wishart</title>
	<link>http://support.saveueamusic.org/trevor-wishart</link>
	<pubDate>Mon Nov 07 12:15:00 -0800 2011</pubDate>
	
	<dc:creator><![CDATA[saveueamusic]]></dc:creator>
	
	
		<category domain="tag" nicename="academia"><![CDATA[academia]]></category>
	
		<category domain="tag" nicename="composer"><![CDATA[composer]]></category>
	
		<category domain="tag" nicename="musician"><![CDATA[musician]]></category>
	

	<category><![CDATA[Uncategorized]]></category>

	<category domain="category" nicename="uncategorized"><![CDATA[Uncategorized]]></category>

  <guid isPermaLink="false">http://support.saveueamusic.org/trevor-wishart</guid>
	<description></description>
	<content:encoded><![CDATA[<blockquote class="posterous_medium_quote">
<p>I read with incredulity UEA&rsquo;s decision to close its Music Faculty. In particular, the Department has been a pioneer and leading light in the field of music technology, (where the UK is itself a world leader) and highly respected within the international community. As university music departments in the UK are generally small, the UK academic community depends on a network of such dedicated high quality departments to support this highly productive field. In addition, music departments have traditionally provided both a campus focus and an important link with their local communities through their public performance role.</p>
<p>About twenty years ago, a new vice-chancellor at York was minded to close down the Music Dept as he viewed it as a kind of &lsquo;Cinderella&rsquo; affair not conforming to his idea of what the academy should be about. Fortunately, after attending a couple of concerts he changed his mind, based on his recognition of the important &lsquo;public face&rsquo; role of the department. The recent requirement of a public-oriented aspect to university research for the new "impact assessment"s suggests that this is not the moment to axe any department with a clear public outreach role. Subsequently the York department, because of its music technology interests, became so successful that it doubled in size (a whole new research building being added) and moved from an Arts funding stream to a Science funding stream. If the department had been axed none of this could have materialised.</p>
<p>With the ever-expanding success of communication technologies, music will continue to be a fruitful area for both high-end research and an attractive option for students looking for a degree with a practical outcome. There is enormous and flexible potential in such departments and it seems to me that it would be extremely foolish to completely cut off this stream of possibilities.</p>
</blockquote>
<p><em>Trevor Wishart, Composer &amp;&nbsp;Plumer Research Fellow, St Anne&rsquo;s College, Oxford</em></p>]]></content:encoded>
	<excerpt:encoded><![CDATA[I read with incredulity UEA’s decision to close its Music Faculty. In particular, the Department has been a pioneer and leading light in the field of music technology, (where the UK is itself a world leader) and highly respected within the interna...]]></excerpt:encoded>	

	<wp:post_date>Mon Nov 07 12:15:00 -0800 2011</wp:post_date>
	<wp:post_date_gmt>Mon Nov 07 12:15:00 -0800 2011</wp:post_date_gmt>
	<wp:comment_status>open</wp:comment_status>
	<wp:ping_status>open</wp:ping_status>
	<wp:post_id>79041860</wp:post_id>
	<wp:post_name>trevor-wishart</wp:post_name>
	<wp:status>publish</wp:status>
	<wp:post_parent>0</wp:post_parent>
	<wp:menu_order>0</wp:menu_order>
	<wp:post_type>post</wp:post_type>
	<wp:post_password></wp:post_password>
	<wp:is_sticky>0</wp:is_sticky>

	
</item>
