<item>
	<title>Professor Nicolas Collins</title>
	<link>http://support.saveueamusic.org/nicolas-collins</link>
	<pubDate>Mon Nov 07 14:51:00 -0800 2011</pubDate>
	
	<dc:creator><![CDATA[saveueamusic]]></dc:creator>
	
	
		<category domain="tag" nicename="academia"><![CDATA[academia]]></category>
	

	<category><![CDATA[Uncategorized]]></category>

	<category domain="category" nicename="uncategorized"><![CDATA[Uncategorized]]></category>

  <guid isPermaLink="false">http://support.saveueamusic.org/nicolas-collins</guid>
	<description></description>
	<content:encoded><![CDATA[<blockquote class="posterous_medium_quote">
<p>It was with shock and dismay that I heard of the UEA's decision to close the School of Music. I have had a long relationship with the program: I have worked with some of its faculty two decades, taught for the School in the capacity of Visiting Artist, participated in colloquia and festivals, and received my PhD by Publication from the School of Music in 2008. The School has for many years had a stellar international reputation &ndash; it is widely regarded as having the most innovative program in composition in the UK, bar none. Having visited and audited numerous music departments in the UK, Europe, the Americas and Asia, I can attest to the unique position it occupies.</p>
<p>As an early advocate of the emerging field of "Sound Art", it is perhaps the only music program in the UK to nurture this area of practice alongside more established musical traditions. It seems an especially cruel twist of fate that the University chooses to shut down this program in the first year that the Turner Prize has been awarded to a Sound Artist. Its graduates have established brilliant, often iconoclastic careers (several of them have been published in Leonardo Music Journal and included in my book, Handmade Electronic Music), and its faculty has a significant international research and performance profile.</p>
<p>As an American composer and academic riding out our own budget crises, I sympathize with the University's need to make unpopular cuts in order to remain solvent. But this particular decision is unwarranted, unwise and shortsighted; it will seriously degrade the international reputation of the University as a whole. I urge you in the strongest possible terms to reconsider this plan and reinstate the School of Music.</p>
</blockquote>
<p><em>Professor&nbsp;</em><em>Nicolas Collins, Professor and Chair of the Department of Sound, School of the Art Institute of Chicago &amp; Editor-in-Chief, Leonardo Music Journal</em></p>]]></content:encoded>
	<excerpt:encoded><![CDATA[It was with shock and dismay that I heard of the UEA's decision to close the School of Music. I have had a long relationship with the program: I have worked with some of its faculty two decades, taught for the School in the capacity of Visiting Ar...]]></excerpt:encoded>	

	<wp:post_date>Mon Nov 07 14:51:00 -0800 2011</wp:post_date>
	<wp:post_date_gmt>Mon Nov 07 14:51:00 -0800 2011</wp:post_date_gmt>
	<wp:comment_status>open</wp:comment_status>
	<wp:ping_status>open</wp:ping_status>
	<wp:post_id>79057735</wp:post_id>
	<wp:post_name>nicolas-collins</wp:post_name>
	<wp:status>publish</wp:status>
	<wp:post_parent>0</wp:post_parent>
	<wp:menu_order>0</wp:menu_order>
	<wp:post_type>post</wp:post_type>
	<wp:post_password></wp:post_password>
	<wp:is_sticky>0</wp:is_sticky>

	
</item>
