<item>
	<title>Professor Eric Clarke</title>
	<link>http://support.saveueamusic.org/professor-eric-clarke</link>
	<pubDate>Tue Nov 08 03:48:00 -0800 2011</pubDate>
	
	<dc:creator><![CDATA[saveueamusic]]></dc:creator>
	
	
		<category domain="tag" nicename="academia"><![CDATA[academia]]></category>
	

	<category><![CDATA[Uncategorized]]></category>

	<category domain="category" nicename="uncategorized"><![CDATA[Uncategorized]]></category>

  <guid isPermaLink="false">http://support.saveueamusic.org/professor-eric-clarke</guid>
	<description></description>
	<content:encoded><![CDATA[<blockquote class="posterous_medium_quote">
<p>I am writing to express my shock and dismay at the news that the University of East Anglia is to consider closing Music. It goes without saying that I have no detailed knowledge of the local conditions that may have led to such a proposal, but I do know (either personally or/and the work of) a number of the staff of the music department, and hold them - and their work - in very high regard. I am quite astonished that the closure of this excellent and very distinguished and distinctive department should be under consideration. The UEA music department has a long and distinguished history and reputation for its work in electroacoustic music, sonic art, composition and contemporary performance - and quite a bit more beyond that. I understand that following a review in 2002, which identified the (then) small size of the department as a vulnerability, the department has grown significantly and has flourished in terms of student numbers, the diversity of its research and teaching activities, and its significant links with a number of other institutions with related expertise and interests. Its capacity to attract major international figures across a wide spectrum of contemporary music practices - as performers, guest lecturers and composers in residence - is indicative of its international standing. In that respect, and others, UEA music is a vital node in a network of institutional connections, and its closure would have destructive consequences that would extend far beyond UEA itself. Just as significantly, of course, UEA has a very important regional significance, and its closure would be a major blow for tertiary music provision in East Anglia.</p>
<p>I know that a number of other colleagues, both here in Oxford and further afield, who heard of the proposed closure over the weekend are as concerned, alarmed, and frankly baffled as I am, at this turn of events. I would appeal to you, in the strongest terms, to reconsider the current proposal - and at the very least to institute a more measured and inclusive process of consultation than appears to have been the case from this very sudden news.</p>
</blockquote>
<p><em>Prof Eric Clarke,&nbsp;Heather Professor of Music,&nbsp;Faculty of Music,&nbsp;University of Oxford</em></p>]]></content:encoded>
	<excerpt:encoded><![CDATA[I am writing to express my shock and dismay at the news that the University of East Anglia is to consider closing Music. It goes without saying that I have no detailed knowledge of the local conditions that may have led to such a proposal, but I d...]]></excerpt:encoded>	

	<wp:post_date>Tue Nov 08 03:48:00 -0800 2011</wp:post_date>
	<wp:post_date_gmt>Tue Nov 08 03:48:00 -0800 2011</wp:post_date_gmt>
	<wp:comment_status>open</wp:comment_status>
	<wp:ping_status>open</wp:ping_status>
	<wp:post_id>79269566</wp:post_id>
	<wp:post_name>professor-eric-clarke</wp:post_name>
	<wp:status>publish</wp:status>
	<wp:post_parent>0</wp:post_parent>
	<wp:menu_order>0</wp:menu_order>
	<wp:post_type>post</wp:post_type>
	<wp:post_password></wp:post_password>
	<wp:is_sticky>0</wp:is_sticky>

	
</item>
