<item>
	<title>Professor Richard Langham Smith</title>
	<link>http://support.saveueamusic.org/professor-richard-langham-smith</link>
	<pubDate>Tue Nov 08 07:31:00 -0800 2011</pubDate>
	
	<dc:creator><![CDATA[saveueamusic]]></dc:creator>
	
	
		<category domain="tag" nicename="academia"><![CDATA[academia]]></category>
	

	<category><![CDATA[Uncategorized]]></category>

	<category domain="category" nicename="uncategorized"><![CDATA[Uncategorized]]></category>

  <guid isPermaLink="false">http://support.saveueamusic.org/professor-richard-langham-smith</guid>
	<description></description>
	<content:encoded><![CDATA[<blockquote class="posterous_medium_quote">
<p>I was external examiner at the UEA Music Department some years ago. I know many people in the musical profession who are employed and active in the business. Their experience at UEA has clearly given them a vocational training in the arts. It devalues a university to withdraw from a subject on which part of its reputation has been built: it has such strong Art History and literature, why strip music from this? Tying up these departments rather than robbing them of one crucial element would be the way forward.</p>
</blockquote>
<p><em>Professor Richard Langham Smith,&nbsp;Royal College of Music</em></p>]]></content:encoded>
	<excerpt:encoded><![CDATA[I was external examiner at the UEA Music Department some years ago. I know many people in the musical profession who are employed and active in the business. Their experience at UEA has clearly given them a vocational training in the arts. It deva...]]></excerpt:encoded>	

	<wp:post_date>Tue Nov 08 07:31:00 -0800 2011</wp:post_date>
	<wp:post_date_gmt>Tue Nov 08 07:31:00 -0800 2011</wp:post_date_gmt>
	<wp:comment_status>open</wp:comment_status>
	<wp:ping_status>open</wp:ping_status>
	<wp:post_id>79291960</wp:post_id>
	<wp:post_name>professor-richard-langham-smith</wp:post_name>
	<wp:status>publish</wp:status>
	<wp:post_parent>0</wp:post_parent>
	<wp:menu_order>0</wp:menu_order>
	<wp:post_type>post</wp:post_type>
	<wp:post_password></wp:post_password>
	<wp:is_sticky>0</wp:is_sticky>

	
</item>
