<item>
	<title>Charles Hazlewood</title>
	<link>http://support.saveueamusic.org/charles-hazlewood</link>
	<pubDate>Thu Nov 10 14:34:00 -0800 2011</pubDate>
	
	<dc:creator><![CDATA[saveueamusic]]></dc:creator>
	
	

	<category><![CDATA[Uncategorized]]></category>

	<category domain="category" nicename="uncategorized"><![CDATA[Uncategorized]]></category>

  <guid isPermaLink="false">http://support.saveueamusic.org/charles-hazlewood</guid>
	<description></description>
	<content:encoded><![CDATA[<blockquote class="posterous_medium_quote">
<p>To close UEA's magnificent &amp; trail blazing School of Music is astonishingly misguided. The UK is a world leader in music: music is one of our most successful and valuable exports. The closure of ANY music educational facility, and especially one as distinguished as UEA's, is therefore an act of national self-harm.</p>
</blockquote>
<p><em>Charles Hazlewood, Conductor, TV &amp; Radio Presenter</em></p>]]></content:encoded>
	<excerpt:encoded><![CDATA[To close UEA's magnificent & trail blazing School of Music is astonishingly misguided. The UK is a world leader in music: music is one of our most successful and valuable exports. The closure of ANY music educational facility, and especially one a...]]></excerpt:encoded>	

	<wp:post_date>Thu Nov 10 14:34:00 -0800 2011</wp:post_date>
	<wp:post_date_gmt>Thu Nov 10 14:34:00 -0800 2011</wp:post_date_gmt>
	<wp:comment_status>open</wp:comment_status>
	<wp:ping_status>open</wp:ping_status>
	<wp:post_id>79631544</wp:post_id>
	<wp:post_name>charles-hazlewood</wp:post_name>
	<wp:status>publish</wp:status>
	<wp:post_parent>0</wp:post_parent>
	<wp:menu_order>0</wp:menu_order>
	<wp:post_type>post</wp:post_type>
	<wp:post_password></wp:post_password>
	<wp:is_sticky>0</wp:is_sticky>

	
</item>
