<item>
	<title>Maxi Jazz</title>
	<link>http://support.saveueamusic.org/maxi-jazz</link>
	<pubDate>Thu Nov 10 14:26:00 -0800 2011</pubDate>
	
	<dc:creator><![CDATA[saveueamusic]]></dc:creator>
	
	

	<category><![CDATA[Uncategorized]]></category>

	<category domain="category" nicename="uncategorized"><![CDATA[Uncategorized]]></category>

  <guid isPermaLink="false">http://support.saveueamusic.org/maxi-jazz</guid>
	<description></description>
	<content:encoded><![CDATA[<blockquote class="posterous_short_quote">
<p>Music's value cannot be quantified.&nbsp;Particularly monetarily. <br /> This is a short-sighted decision. <br />No it's not. It's just ignorant.</p>
</blockquote>
<p><em>Maxi Jazz, Musician</em></p>]]></content:encoded>
	<excerpt:encoded><![CDATA[Music's value cannot be quantified. Particularly monetarily. This is a short-sighted decision. No it's not. It's just ignorant. Maxi Jazz, Musician]]></excerpt:encoded>	

	<wp:post_date>Thu Nov 10 14:26:00 -0800 2011</wp:post_date>
	<wp:post_date_gmt>Thu Nov 10 14:26:00 -0800 2011</wp:post_date_gmt>
	<wp:comment_status>open</wp:comment_status>
	<wp:ping_status>open</wp:ping_status>
	<wp:post_id>79630935</wp:post_id>
	<wp:post_name>maxi-jazz</wp:post_name>
	<wp:status>publish</wp:status>
	<wp:post_parent>0</wp:post_parent>
	<wp:menu_order>0</wp:menu_order>
	<wp:post_type>post</wp:post_type>
	<wp:post_password></wp:post_password>
	<wp:is_sticky>0</wp:is_sticky>

	
</item>
