<item>
	<title>Professor Andrew Hugill</title>
	<link>http://support.saveueamusic.org/professor-andrew-hugill</link>
	<pubDate>Sat Nov 12 09:38:00 -0800 2011</pubDate>
	
	<dc:creator><![CDATA[saveueamusic]]></dc:creator>
	
	

	<category><![CDATA[Uncategorized]]></category>

	<category domain="category" nicename="uncategorized"><![CDATA[Uncategorized]]></category>

  <guid isPermaLink="false">http://support.saveueamusic.org/professor-andrew-hugill</guid>
	<description></description>
	<content:encoded><![CDATA[<blockquote class="posterous_medium_quote">
<p>The closure of this music department will impoverish not just UEA, and the local culture in Norwich, but the whole nation. The department has been a beacon of innovation and rich musical study for decades. So many people &nbsp;have benefited from its insights, knowledge and education. It conducts ground-breaking research and offers fine teaching. Its staff team includes some of the best music academics in the country. This decision is an enormous shame and will reduce East Anglia's cultural standing. Think again!</p>
</blockquote>
<p><em>Professor Andrew Hugill, De Montfort University</em></p>]]></content:encoded>
	<excerpt:encoded><![CDATA[The closure of this music department will impoverish not just UEA, and the local culture in Norwich, but the whole nation. The department has been a beacon of innovation and rich musical study for decades. So many people have benefited from its in...]]></excerpt:encoded>	

	<wp:post_date>Sat Nov 12 09:38:00 -0800 2011</wp:post_date>
	<wp:post_date_gmt>Sat Nov 12 09:38:00 -0800 2011</wp:post_date_gmt>
	<wp:comment_status>open</wp:comment_status>
	<wp:ping_status>open</wp:ping_status>
	<wp:post_id>79879443</wp:post_id>
	<wp:post_name>professor-andrew-hugill</wp:post_name>
	<wp:status>publish</wp:status>
	<wp:post_parent>0</wp:post_parent>
	<wp:menu_order>0</wp:menu_order>
	<wp:post_type>post</wp:post_type>
	<wp:post_password></wp:post_password>
	<wp:is_sticky>0</wp:is_sticky>

	
</item>
