<item>
	<title>Gail Ferguson</title>
	<link>http://support.saveueamusic.org/gail-ferguson</link>
	<pubDate>Sat Nov 12 09:40:00 -0800 2011</pubDate>
	
	<dc:creator><![CDATA[saveueamusic]]></dc:creator>
	
	

	<category><![CDATA[Uncategorized]]></category>

	<category domain="category" nicename="uncategorized"><![CDATA[Uncategorized]]></category>

  <guid isPermaLink="false">http://support.saveueamusic.org/gail-ferguson</guid>
	<description></description>
	<content:encoded><![CDATA[<blockquote class="posterous_medium_quote">
<p>A good number of our strong music A-level students over the years have studied Music at UEA. They have really valued the course and benefited hugely from the opportunities. It will be a great loss to local schools, particularly in these days of high student tuition fees if the local option - which moreover is a quality option - is withdrawn.</p>
</blockquote>
<p><em>Gail Ferguson, Wymondham College, Norfolk</em></p>]]></content:encoded>
	<excerpt:encoded><![CDATA[A good number of our strong music A-level students over the years have studied Music at UEA. They have really valued the course and benefited hugely from the opportunities. It will be a great loss to local schools, particularly in these days of hi...]]></excerpt:encoded>	

	<wp:post_date>Sat Nov 12 09:40:00 -0800 2011</wp:post_date>
	<wp:post_date_gmt>Sat Nov 12 09:40:00 -0800 2011</wp:post_date_gmt>
	<wp:comment_status>open</wp:comment_status>
	<wp:ping_status>open</wp:ping_status>
	<wp:post_id>79879596</wp:post_id>
	<wp:post_name>gail-ferguson</wp:post_name>
	<wp:status>publish</wp:status>
	<wp:post_parent>0</wp:post_parent>
	<wp:menu_order>0</wp:menu_order>
	<wp:post_type>post</wp:post_type>
	<wp:post_password></wp:post_password>
	<wp:is_sticky>0</wp:is_sticky>

	
</item>
