<item>
	<title>Simon Fairclough</title>
	<link>http://support.saveueamusic.org/simon-fairclough</link>
	<pubDate>Sat Nov 12 09:31:00 -0800 2011</pubDate>
	
	<dc:creator><![CDATA[saveueamusic]]></dc:creator>
	
	

	<category><![CDATA[Uncategorized]]></category>

	<category domain="category" nicename="uncategorized"><![CDATA[Uncategorized]]></category>

  <guid isPermaLink="false">http://support.saveueamusic.org/simon-fairclough</guid>
	<description></description>
	<content:encoded><![CDATA[<blockquote>
<p>As chairman of Cambridge's extra-curricular music programme I argue frequently that what separates a "great" university from a &nbsp;merely "good" one is the fostering of an environment in which leaders are developed across every sphere of human endeavour.</p>
<p>In doing so I echo views expressed in many of the world's top higher education institutions. &nbsp;Those seeking a passionate articulation of the value of arts education will enjoy the opening lines of Harvard's recent <a>Report of the Task Force on the Arts</a>: "To allow innovation and imagination to thrive on our campus, to educate and empower creative minds across all disciplines, to help shape the twenty-first century, [we] must make the arts an integral part of the cognitive life of the university: for along with the sciences and the humanities, the arts &mdash; as they are both experienced and practiced &mdash; are irreplaceable instruments of knowledge".</p>
<p>The new fee regime presents UK universities with two key challenges. &nbsp;They need to contain costs; but they need also to compete more aggressively than ever for talent. &nbsp;The Report of the Music Review Panel focuses in detail on the cost side -- can UEA afford to invest, it asks, in the transformational improvement of the School of Music which is considered to be necessary -- but less attention is paid to the question of whether it can afford NOT to do so if it is to compete as an "internationally renowned university" in an increasingly global marketplace.</p>
<p>The reality of that marketplace is this. &nbsp;Through bursary support a musical British teenager of modest family means could study for free at Yale, where music is cherished and a music programme which touches the lives of students of every academic background is supported by a $300 million endowment. &nbsp;Or they could pay &pound;9,000 to study at UEA, where music is apparently valued so little that the School of Music itself is to be closed. &nbsp;I know which university I would choose.</p>
<p>There's a little addendum to the Yale story. &nbsp;90% of the $300 million endowment has been raised in the last 15 years alone through the visionary leadership the School of Music's wonderful dean, Robert Blocker, and his team. &nbsp;With student numbers as with fundraising there's no absolute limit to what is possible. &nbsp;The Report of the Music Review Panel makes the assumption that student numbers are likely to fall post-2012. &nbsp;</p>
<p>This need not be the case. &nbsp;Invest in growth, in excellence and in bold and visionary leadership, and students will flock to Norwich. &nbsp;Go for cuts and contraction and -- inevitably -- they will not.</p>
</blockquote>
<p><em>Simon Fairclough, University of Cambridge</em></p>]]></content:encoded>
	<excerpt:encoded><![CDATA[As chairman of Cambridge's extra-curricular music programme I argue frequently that what separates a "great" university from a merely "good" one is the fostering of an environment in which leaders are developed across every sphere of human endeavo...]]></excerpt:encoded>	

	<wp:post_date>Sat Nov 12 09:31:00 -0800 2011</wp:post_date>
	<wp:post_date_gmt>Sat Nov 12 09:31:00 -0800 2011</wp:post_date_gmt>
	<wp:comment_status>open</wp:comment_status>
	<wp:ping_status>open</wp:ping_status>
	<wp:post_id>79879075</wp:post_id>
	<wp:post_name>simon-fairclough</wp:post_name>
	<wp:status>publish</wp:status>
	<wp:post_parent>0</wp:post_parent>
	<wp:menu_order>0</wp:menu_order>
	<wp:post_type>post</wp:post_type>
	<wp:post_password></wp:post_password>
	<wp:is_sticky>0</wp:is_sticky>

	
</item>
