<item>
	<title>Henry Vega</title>
	<link>http://support.saveueamusic.org/henry-vega</link>
	<pubDate>Sat Nov 12 09:39:00 -0800 2011</pubDate>
	
	<dc:creator><![CDATA[saveueamusic]]></dc:creator>
	
	

	<category><![CDATA[Uncategorized]]></category>

	<category domain="category" nicename="uncategorized"><![CDATA[Uncategorized]]></category>

  <guid isPermaLink="false">http://support.saveueamusic.org/henry-vega</guid>
	<description></description>
	<content:encoded><![CDATA[<blockquote class="posterous_medium_quote">
<p>I have previously been a guest performer at the UEA School of Music and I was very excited to find such a high knowledge of software and technology for the advancement of music. &nbsp;This department is not only a place where students can be immersed in modern art but it is also a beacon for future technologies and aesthetics in music. &nbsp;By threatening the school of Music you not only wash away years of experience but you belittle my own work and that of thousands of other colleagues worldwide. I urge you to support the UEA School of Music.</p>
</blockquote>
<p><em>Henry Vega, composer</em></p>]]></content:encoded>
	<excerpt:encoded><![CDATA[I have previously been a guest performer at the UEA School of Music and I was very excited to find such a high knowledge of software and technology for the advancement of music. This department is not only a place where students can be immersed in...]]></excerpt:encoded>	

	<wp:post_date>Sat Nov 12 09:39:00 -0800 2011</wp:post_date>
	<wp:post_date_gmt>Sat Nov 12 09:39:00 -0800 2011</wp:post_date_gmt>
	<wp:comment_status>open</wp:comment_status>
	<wp:ping_status>open</wp:ping_status>
	<wp:post_id>79879519</wp:post_id>
	<wp:post_name>henry-vega</wp:post_name>
	<wp:status>publish</wp:status>
	<wp:post_parent>0</wp:post_parent>
	<wp:menu_order>0</wp:menu_order>
	<wp:post_type>post</wp:post_type>
	<wp:post_password></wp:post_password>
	<wp:is_sticky>0</wp:is_sticky>

	
</item>
