<item>
	<title>Professor James Saunders</title>
	<link>http://support.saveueamusic.org/professor-james-saunders</link>
	<pubDate>Sat Nov 12 09:45:00 -0800 2011</pubDate>
	
	<dc:creator><![CDATA[saveueamusic]]></dc:creator>
	
	

	<category><![CDATA[Uncategorized]]></category>

	<category domain="category" nicename="uncategorized"><![CDATA[Uncategorized]]></category>

  <guid isPermaLink="false">http://support.saveueamusic.org/professor-james-saunders</guid>
	<description></description>
	<content:encoded><![CDATA[<blockquote>
<p>I am writing to show my support for the University of East Anglia's music department. Eradicating the long history of the department as an innovator in degree-level music would be a very unfortunate loss to the sector, particularly at a time when arts education is under severe threat due to changes in funding. It is all the more debilitating given the regional importance of the University as the main HE provider in East Anglia. Closing the department would not only affect the education of current and potential future students in the region, but also undermine music provision outside of the University. Music departments have an important role to play in developing communities, and closure would compromise the work of many musicians within the region. I would therefore urge you to reconsider your decision to close the department.</p>
</blockquote>
<p><em>Professor James Saunders, Head of Centre for Musical Research at Bath Spa University</em></p>]]></content:encoded>
	<excerpt:encoded><![CDATA[I am writing to show my support for the University of East Anglia's music department. Eradicating the long history of the department as an innovator in degree-level music would be a very unfortunate loss to the sector, particularly at a time when ...]]></excerpt:encoded>	

	<wp:post_date>Sat Nov 12 09:45:00 -0800 2011</wp:post_date>
	<wp:post_date_gmt>Sat Nov 12 09:45:00 -0800 2011</wp:post_date_gmt>
	<wp:comment_status>open</wp:comment_status>
	<wp:ping_status>open</wp:ping_status>
	<wp:post_id>79879904</wp:post_id>
	<wp:post_name>professor-james-saunders</wp:post_name>
	<wp:status>publish</wp:status>
	<wp:post_parent>0</wp:post_parent>
	<wp:menu_order>0</wp:menu_order>
	<wp:post_type>post</wp:post_type>
	<wp:post_password></wp:post_password>
	<wp:is_sticky>0</wp:is_sticky>

	
</item>
