<item>
	<title>Luke Abbott</title>
	<link>http://support.saveueamusic.org/luke-abbott</link>
	<pubDate>Sat Nov 12 09:07:00 -0800 2011</pubDate>
	
	<dc:creator><![CDATA[saveueamusic]]></dc:creator>
	
	

	<category><![CDATA[Uncategorized]]></category>

	<category domain="category" nicename="uncategorized"><![CDATA[Uncategorized]]></category>

  <guid isPermaLink="false">http://support.saveueamusic.org/luke-abbott</guid>
	<description></description>
	<content:encoded><![CDATA[<blockquote>
<p>I am outraged that the UEA would consider closing its School of Music. &nbsp;As a recent graduate of the MMus program I cannot overstate the positive impact this department has had upon my life. &nbsp;It offered me an environment to explore my ideas and a platform to experiment with the practises and techniques that have gone on to become the basis of my professional life. &nbsp;The freedom and encouragement I received to explore and develop my ideas, along side the consistently engrossing seminar series, helped shape this into the most enriching academic experience of my life.</p>
<p>The forward thinking approach of the staff in this department should serve as an example to any and all academic institutions. &nbsp;The impression that the music department leaves upon individuals cannot be overestimated.</p>
</blockquote>
<p><em><a href="http://www.myspace.com/lukeabbottmusic">Luke Abbott</a>, musician&nbsp;&amp; alumnus</em></p>]]></content:encoded>
	<excerpt:encoded><![CDATA[I am outraged that the UEA would consider closing its School of Music. As a recent graduate of the MMus program I cannot overstate the positive impact this department has had upon my life. It offered me an environment to explore my ideas and a pla...]]></excerpt:encoded>	

	<wp:post_date>Sat Nov 12 09:07:00 -0800 2011</wp:post_date>
	<wp:post_date_gmt>Sat Nov 12 09:07:00 -0800 2011</wp:post_date_gmt>
	<wp:comment_status>open</wp:comment_status>
	<wp:ping_status>open</wp:ping_status>
	<wp:post_id>79877497</wp:post_id>
	<wp:post_name>luke-abbott</wp:post_name>
	<wp:status>publish</wp:status>
	<wp:post_parent>0</wp:post_parent>
	<wp:menu_order>0</wp:menu_order>
	<wp:post_type>post</wp:post_type>
	<wp:post_password></wp:post_password>
	<wp:is_sticky>0</wp:is_sticky>

	
</item>
