<item>
	<title>Maxi Jazz - update</title>
	<link>http://support.saveueamusic.org/maxi-jazz-update</link>
	<pubDate>Sun Nov 13 03:41:17 -0800 2011</pubDate>
	
	<dc:creator><![CDATA[saveueamusic]]></dc:creator>
	
	

	<category><![CDATA[Uncategorized]]></category>

	<category domain="category" nicename="uncategorized"><![CDATA[Uncategorized]]></category>

  <guid isPermaLink="false">http://support.saveueamusic.org/maxi-jazz-update</guid>
	<description></description>
	<content:encoded><![CDATA[<blockquote>
<p>Politicians of every stripe fondly assume they'll be remembered for economic astuteness, foreign policy or other great issues of state.<br />Not true. They'll be remembered for their stance on children and the elderly. A nation's most precious and irreplaceable resource is it's children&nbsp;<br />and it's wise elders, any fool can understand this. Even if they require someone to point it out. In our country if it doesn't turn a profit it is beneath&nbsp;<br />consideration, witness the demonisation of all working class kids, tuition fees, removal of EMA much less countless other, important facilities aimed directly at our youth.&nbsp;<br />We've already seen the consequences this year up'n down the country... as has the rest of the world.<br />This closure is another dagger in the unprotected back of OUR OWN CHILDREN. Does it require the social and moral collapse of an entire generation for leaders to&nbsp;<br />wake up..?<br />Well, it's happening already, the lack of wisdom, responsibility and moral compass in the corridors of power for me is even more disturbing than the apparent mirror in the streets.<br />I was gonna end with 'Good Luck' but what I meant to say was<br />DON'T TAKE NO FOR AN ANSWER!<br />Prevail!<br />Peace.<br />Maxi ... x</p>
</blockquote>
<p><em style="color: #424037; font-size: 12px; line-height: 21px; text-align: left; padding: 0px; margin: 0px;">Maxi Jazz, Musician</em></p>]]></content:encoded>
	<excerpt:encoded><![CDATA[Politicians of every stripe fondly assume they'll be remembered for economic astuteness, foreign policy or other great issues of state.Not true. They'll be remembered for their stance on children and the elderly. A nation's most precious and irrep...]]></excerpt:encoded>	

	<wp:post_date>Sun Nov 13 03:41:17 -0800 2011</wp:post_date>
	<wp:post_date_gmt>Sun Nov 13 03:41:17 -0800 2011</wp:post_date_gmt>
	<wp:comment_status>open</wp:comment_status>
	<wp:ping_status>open</wp:ping_status>
	<wp:post_id>79967068</wp:post_id>
	<wp:post_name>maxi-jazz-update</wp:post_name>
	<wp:status>publish</wp:status>
	<wp:post_parent>0</wp:post_parent>
	<wp:menu_order>0</wp:menu_order>
	<wp:post_type>post</wp:post_type>
	<wp:post_password></wp:post_password>
	<wp:is_sticky>0</wp:is_sticky>

	
</item>
