<item>
	<title>Dr David Skinner</title>
	<link>http://support.saveueamusic.org/dr-david-skinner</link>
	<pubDate>Mon Nov 14 12:00:00 -0800 2011</pubDate>
	
	<dc:creator><![CDATA[saveueamusic]]></dc:creator>
	
	

	<category><![CDATA[Uncategorized]]></category>

	<category domain="category" nicename="uncategorized"><![CDATA[Uncategorized]]></category>

  <guid isPermaLink="false">http://support.saveueamusic.org/dr-david-skinner</guid>
	<description></description>
	<content:encoded><![CDATA[<blockquote class="posterous_medium_quote">
<p>The proposed closure of the UEA School of Music is lamentable and, if it does indeed go ahead, the University will certainly experience a cultural void in its general curriculum. Music is central and common ground to so many lives (not just musicologists and musicians) and the closure of an established and successful music programme, such as that already at UEA, would be very short-sighted in the larger scheme of a university education.</p>
<p><em>Dr David Skinner, Sidney Sussex College, Cambridge</em></p>
</blockquote>]]></content:encoded>
	<excerpt:encoded><![CDATA[The proposed closure of the UEA School of Music is lamentable and, if it does indeed go ahead, the University will certainly experience a cultural void in its general curriculum. Music is central and common ground to so many lives (not just musico...]]></excerpt:encoded>	

	<wp:post_date>Mon Nov 14 12:00:00 -0800 2011</wp:post_date>
	<wp:post_date_gmt>Mon Nov 14 12:00:00 -0800 2011</wp:post_date_gmt>
	<wp:comment_status>open</wp:comment_status>
	<wp:ping_status>open</wp:ping_status>
	<wp:post_id>80478902</wp:post_id>
	<wp:post_name>dr-david-skinner</wp:post_name>
	<wp:status>publish</wp:status>
	<wp:post_parent>0</wp:post_parent>
	<wp:menu_order>0</wp:menu_order>
	<wp:post_type>post</wp:post_type>
	<wp:post_password></wp:post_password>
	<wp:is_sticky>0</wp:is_sticky>

	
</item>
