<item>
	<title>Anne Johns</title>
	<link>http://support.saveueamusic.org/anne-johns</link>
	<pubDate>Sun Nov 13 12:00:00 -0800 2011</pubDate>
	
	<dc:creator><![CDATA[saveueamusic]]></dc:creator>
	
	

	<category><![CDATA[Uncategorized]]></category>

	<category domain="category" nicename="uncategorized"><![CDATA[Uncategorized]]></category>

  <guid isPermaLink="false">http://support.saveueamusic.org/anne-johns</guid>
	<description></description>
	<content:encoded><![CDATA[<blockquote class="posterous_medium_quote">
<p>My son is a second year music student at UEA, after having looked at numerous music departments in the sixth form he choose UEA because of its reputation and friendliness of the staff. Both he and I are devastated at the thought of its closure, music is an important part of university life. What good is a degree from a university whose department is defunct ? How will this affect the morale of the teaching staff over the next two years? These are some of the worries both my son and I face.</p>
<p><em>Anne Johns, Parent</em></p>
</blockquote>]]></content:encoded>
	<excerpt:encoded><![CDATA[My son is a second year music student at UEA, after having looked at numerous music departments in the sixth form he choose UEA because of its reputation and friendliness of the staff. Both he and I are devastated at the thought of its closure, mu...]]></excerpt:encoded>	

	<wp:post_date>Sun Nov 13 12:00:00 -0800 2011</wp:post_date>
	<wp:post_date_gmt>Sun Nov 13 12:00:00 -0800 2011</wp:post_date_gmt>
	<wp:comment_status>open</wp:comment_status>
	<wp:ping_status>open</wp:ping_status>
	<wp:post_id>80478017</wp:post_id>
	<wp:post_name>anne-johns</wp:post_name>
	<wp:status>publish</wp:status>
	<wp:post_parent>0</wp:post_parent>
	<wp:menu_order>0</wp:menu_order>
	<wp:post_type>post</wp:post_type>
	<wp:post_password></wp:post_password>
	<wp:is_sticky>0</wp:is_sticky>

	
</item>
