<item>
	<title>Dr Patrick Ozzard-Low</title>
	<link>http://support.saveueamusic.org/dr-patrick-ozzard-low</link>
	<pubDate>Sun Nov 13 12:00:00 -0800 2011</pubDate>
	
	<dc:creator><![CDATA[saveueamusic]]></dc:creator>
	
	

	<category><![CDATA[Uncategorized]]></category>

	<category domain="category" nicename="uncategorized"><![CDATA[Uncategorized]]></category>

  <guid isPermaLink="false">http://support.saveueamusic.org/dr-patrick-ozzard-low</guid>
	<description></description>
	<content:encoded><![CDATA[<blockquote>
<p>Another Music Department closure? Reading, Exeter - now UEA? Another University management colluding in the 'cut the Arts in British Universities' agenda? Where will this stop?</p>
<p>UEA Music Department has a significant voice in British and international music making. Its loss would be regrettable, and (judging from similar closures) its contribution would not be replaced. Does the University envisage reparation to the culture to which the department uniquely contributes? What total (tiny?) number of Music departments does HEFCE ultimately envisage will support the plurality of musics existing today? What plan does HEFCE or the University have later to reopen the department and rebuild and recuperate its culture once financial viability returns (as one may speculate it one day will)?&nbsp;</p>
<p>If no such plans or envisagements exist then such closures &nbsp;-- not only in music but also in other disciplines where departments are similarly threatened or already destroyed -- are deeply ill-considered and mis-judged. &nbsp;University managements are in danger of becoming the new book-burners.</p>
</blockquote>
<p><em>Dr Patrick Ozzard-Low, Dartington College of Arts</em></p>]]></content:encoded>
	<excerpt:encoded><![CDATA[Another Music Department closure? Reading, Exeter - now UEA? Another University management colluding in the 'cut the Arts in British Universities' agenda? Where will this stop? UEA Music Department has a significant voice in British and internatio...]]></excerpt:encoded>	

	<wp:post_date>Sun Nov 13 12:00:00 -0800 2011</wp:post_date>
	<wp:post_date_gmt>Sun Nov 13 12:00:00 -0800 2011</wp:post_date_gmt>
	<wp:comment_status>open</wp:comment_status>
	<wp:ping_status>open</wp:ping_status>
	<wp:post_id>80476198</wp:post_id>
	<wp:post_name>dr-patrick-ozzard-low</wp:post_name>
	<wp:status>publish</wp:status>
	<wp:post_parent>0</wp:post_parent>
	<wp:menu_order>0</wp:menu_order>
	<wp:post_type>post</wp:post_type>
	<wp:post_password></wp:post_password>
	<wp:is_sticky>0</wp:is_sticky>

	
</item>
