<item>
	<title>Dr Stefano Castelvecchi</title>
	<link>http://support.saveueamusic.org/dr-stefano-castelvecchi</link>
	<pubDate>Sun Nov 13 12:00:00 -0800 2011</pubDate>
	
	<dc:creator><![CDATA[saveueamusic]]></dc:creator>
	
	

	<category><![CDATA[Uncategorized]]></category>

	<category domain="category" nicename="uncategorized"><![CDATA[Uncategorized]]></category>

  <guid isPermaLink="false">http://support.saveueamusic.org/dr-stefano-castelvecchi</guid>
	<description></description>
	<content:encoded><![CDATA[<blockquote class="posterous_medium_quote">
<p>The predicament of the UEA School of Music is one of many signs of a more general situation, that of an ongoing attack on culture and independent thought.  The situation will begin to be addressed only when many academics and like-minded people will find the courage to stand up to the attack.</p>
</blockquote>
<p><em>Dr Stefano Castelvecchi, St.John's College, Cambridge</em></p>]]></content:encoded>
	<excerpt:encoded><![CDATA[The predicament of the UEA School of Music is one of many signs of a more general situation, that of an ongoing attack on culture and independent thought. The situation will begin to be addressed only when many academics and like-minded people wil...]]></excerpt:encoded>	

	<wp:post_date>Sun Nov 13 12:00:00 -0800 2011</wp:post_date>
	<wp:post_date_gmt>Sun Nov 13 12:00:00 -0800 2011</wp:post_date_gmt>
	<wp:comment_status>open</wp:comment_status>
	<wp:ping_status>open</wp:ping_status>
	<wp:post_id>80477703</wp:post_id>
	<wp:post_name>dr-stefano-castelvecchi</wp:post_name>
	<wp:status>publish</wp:status>
	<wp:post_parent>0</wp:post_parent>
	<wp:menu_order>0</wp:menu_order>
	<wp:post_type>post</wp:post_type>
	<wp:post_password></wp:post_password>
	<wp:is_sticky>0</wp:is_sticky>

	
</item>
