<item>
	<title>Dr Jeremy Thurlow</title>
	<link>http://support.saveueamusic.org/dr-jeremy-thurlow</link>
	<pubDate>Mon Nov 14 12:00:00 -0800 2011</pubDate>
	
	<dc:creator><![CDATA[saveueamusic]]></dc:creator>
	
	

	<category><![CDATA[Uncategorized]]></category>

	<category domain="category" nicename="uncategorized"><![CDATA[Uncategorized]]></category>

  <guid isPermaLink="false">http://support.saveueamusic.org/dr-jeremy-thurlow</guid>
	<description></description>
	<content:encoded><![CDATA[<blockquote class="posterous_medium_quote">
<p>To close the School of Music would be to deliver a very damaging blow to the UEA: I am thinking principally of how it would fatally undermine the richness and depth of cultural (and thereby intellectual) activity for students and staff throughout the university, but it would also be a blow to UEA's national and international reputation.  It would be very short-sighted and ill-informed not to appreciate just how much the School of Music does for UEA: the wise course would be to support it so that it can continue to enhance the university's profile, rather than turning that profile into a byword for philistine vandalism.</p>
<p><em>Dr Jeremy Thurlow, University of Cambridge</em></p>
</blockquote>]]></content:encoded>
	<excerpt:encoded><![CDATA[To close the School of Music would be to deliver a very damaging blow to the UEA: I am thinking principally of how it would fatally undermine the richness and depth of cultural (and thereby intellectual) activity for students and staff throughout ...]]></excerpt:encoded>	

	<wp:post_date>Mon Nov 14 12:00:00 -0800 2011</wp:post_date>
	<wp:post_date_gmt>Mon Nov 14 12:00:00 -0800 2011</wp:post_date_gmt>
	<wp:comment_status>open</wp:comment_status>
	<wp:ping_status>open</wp:ping_status>
	<wp:post_id>80478335</wp:post_id>
	<wp:post_name>dr-jeremy-thurlow</wp:post_name>
	<wp:status>publish</wp:status>
	<wp:post_parent>0</wp:post_parent>
	<wp:menu_order>0</wp:menu_order>
	<wp:post_type>post</wp:post_type>
	<wp:post_password></wp:post_password>
	<wp:is_sticky>0</wp:is_sticky>

	
</item>
