<item>
	<title>Councillor Bert Bremner</title>
	<link>http://support.saveueamusic.org/councillor-bert-bremner</link>
	<pubDate>Mon Nov 14 12:00:00 -0800 2011</pubDate>
	
	<dc:creator><![CDATA[saveueamusic]]></dc:creator>
	
	

	<category><![CDATA[Uncategorized]]></category>

	<category domain="category" nicename="uncategorized"><![CDATA[Uncategorized]]></category>

  <guid isPermaLink="false">http://support.saveueamusic.org/councillor-bert-bremner</guid>
	<description></description>
	<content:encoded><![CDATA[<blockquote class="posterous_medium_quote">
<p>As one of the local councillors for the University Ward and therefore the UEA I know the real positive contribution the University, its staff and students make to the community. The Music Department is a major part of that, adding highly to the cultural life of the City, and its local community.</p>
<p><em>Councillor Bert Bremner, University Ward, Norwich</em></p>
</blockquote>]]></content:encoded>
	<excerpt:encoded><![CDATA[As one of the local councillors for the University Ward and therefore the UEA I know the real positive contribution the University, its staff and students make to the community. The Music Department is a major part of that, adding highly to the cu...]]></excerpt:encoded>	

	<wp:post_date>Mon Nov 14 12:00:00 -0800 2011</wp:post_date>
	<wp:post_date_gmt>Mon Nov 14 12:00:00 -0800 2011</wp:post_date_gmt>
	<wp:comment_status>open</wp:comment_status>
	<wp:ping_status>open</wp:ping_status>
	<wp:post_id>80486418</wp:post_id>
	<wp:post_name>councillor-bert-bremner</wp:post_name>
	<wp:status>publish</wp:status>
	<wp:post_parent>0</wp:post_parent>
	<wp:menu_order>0</wp:menu_order>
	<wp:post_type>post</wp:post_type>
	<wp:post_password></wp:post_password>
	<wp:is_sticky>0</wp:is_sticky>

	
</item>
