<item>
	<title>David Malham</title>
	<link>http://support.saveueamusic.org/david-malham</link>
	<pubDate>Mon Nov 14 12:00:00 -0800 2011</pubDate>
	
	<dc:creator><![CDATA[saveueamusic]]></dc:creator>
	
	

	<category><![CDATA[Uncategorized]]></category>

	<category domain="category" nicename="uncategorized"><![CDATA[Uncategorized]]></category>

  <guid isPermaLink="false">http://support.saveueamusic.org/david-malham</guid>
	<description></description>
	<content:encoded><![CDATA[<blockquote class="posterous_medium_quote">
<p>I find it quite impossible to understand this decision. The music industry is one of Britain's big earners and UEA Music enjoys a good reputation in this area.  The secrecy with which the review was undertaken must surely lead to the unfortunate impression that the decision to close was made first and reasons for it were sought afterwards which I find it hard to believe UEA would do or would want others to think it would do, given the harm that would do to the University. Time for a re-think.</p>
<p><em>David Malham, Music Research Centre, University of York</em></p>
</blockquote>]]></content:encoded>
	<excerpt:encoded><![CDATA[I find it quite impossible to understand this decision. The music industry is one of Britain's big earners and UEA Music enjoys a good reputation in this area. The secrecy with which the review was undertaken must surely lead to the unfortunate im...]]></excerpt:encoded>	

	<wp:post_date>Mon Nov 14 12:00:00 -0800 2011</wp:post_date>
	<wp:post_date_gmt>Mon Nov 14 12:00:00 -0800 2011</wp:post_date_gmt>
	<wp:comment_status>open</wp:comment_status>
	<wp:ping_status>open</wp:ping_status>
	<wp:post_id>80484970</wp:post_id>
	<wp:post_name>david-malham</wp:post_name>
	<wp:status>publish</wp:status>
	<wp:post_parent>0</wp:post_parent>
	<wp:menu_order>0</wp:menu_order>
	<wp:post_type>post</wp:post_type>
	<wp:post_password></wp:post_password>
	<wp:is_sticky>0</wp:is_sticky>

	
</item>
