<item>
	<title>Dr Bethany Lowe</title>
	<link>http://support.saveueamusic.org/dr-bethany-lowe</link>
	<pubDate>Mon Nov 14 12:00:00 -0800 2011</pubDate>
	
	<dc:creator><![CDATA[saveueamusic]]></dc:creator>
	
	

	<category><![CDATA[Uncategorized]]></category>

	<category domain="category" nicename="uncategorized"><![CDATA[Uncategorized]]></category>

  <guid isPermaLink="false">http://support.saveueamusic.org/dr-bethany-lowe</guid>
	<description></description>
	<content:encoded><![CDATA[<blockquote class="posterous_medium_quote">
<p>Closure would be a ridiculous and cowardly decision over a well-established school providing vital cultural stimulation in a potentially geographically isolated area. At least give them a chance to prove themselves (or fail to do so) under the new fees/recruitment regime: it seems like all the signs of life are good and they will continue to flourish and contribute. Education is about much more than what will bring in wads of cash to compete with business and medicine subjects; universities should not jump with the latest Tory ideology but maintain an all-round subject profile. Cutting Music will damage UEA's respectable reputation as it has with other institutions such as Reading and Exeter.</p>
<p><em>Dr Bethany Lowe, Newcastle University</em></p>
</blockquote>]]></content:encoded>
	<excerpt:encoded><![CDATA[Closure would be a ridiculous and cowardly decision over a well-established school providing vital cultural stimulation in a potentially geographically isolated area. At least give them a chance to prove themselves (or fail to do so) under the new...]]></excerpt:encoded>	

	<wp:post_date>Mon Nov 14 12:00:00 -0800 2011</wp:post_date>
	<wp:post_date_gmt>Mon Nov 14 12:00:00 -0800 2011</wp:post_date_gmt>
	<wp:comment_status>open</wp:comment_status>
	<wp:ping_status>open</wp:ping_status>
	<wp:post_id>80488605</wp:post_id>
	<wp:post_name>dr-bethany-lowe</wp:post_name>
	<wp:status>publish</wp:status>
	<wp:post_parent>0</wp:post_parent>
	<wp:menu_order>0</wp:menu_order>
	<wp:post_type>post</wp:post_type>
	<wp:post_password></wp:post_password>
	<wp:is_sticky>0</wp:is_sticky>

	
</item>
