<item>
	<title>Dr Lisa Colton</title>
	<link>http://support.saveueamusic.org/dr-lisa-colton</link>
	<pubDate>Mon Nov 14 12:00:00 -0800 2011</pubDate>
	
	<dc:creator><![CDATA[saveueamusic]]></dc:creator>
	
	

	<category><![CDATA[Uncategorized]]></category>

	<category domain="category" nicename="uncategorized"><![CDATA[Uncategorized]]></category>

  <guid isPermaLink="false">http://support.saveueamusic.org/dr-lisa-colton</guid>
	<description></description>
	<content:encoded><![CDATA[<blockquote class="posterous_medium_quote">
<p>The loss of UEA's Music Department would be a serious blow to music research in HE and to their legacy of excellent teaching that has resulted in so many superb musicians around the globe.</p>
<p><em>Dr Lisa Colton, Department of Music, University of Huddersfield</em></p>
</blockquote>]]></content:encoded>
	<excerpt:encoded><![CDATA[The loss of UEA's Music Department would be a serious blow to music research in HE and to their legacy of excellent teaching that has resulted in so many superb musicians around the globe. Dr Lisa Colton, Department of Music, University of Hudders...]]></excerpt:encoded>	

	<wp:post_date>Mon Nov 14 12:00:00 -0800 2011</wp:post_date>
	<wp:post_date_gmt>Mon Nov 14 12:00:00 -0800 2011</wp:post_date_gmt>
	<wp:comment_status>open</wp:comment_status>
	<wp:ping_status>open</wp:ping_status>
	<wp:post_id>80485878</wp:post_id>
	<wp:post_name>dr-lisa-colton</wp:post_name>
	<wp:status>publish</wp:status>
	<wp:post_parent>0</wp:post_parent>
	<wp:menu_order>0</wp:menu_order>
	<wp:post_type>post</wp:post_type>
	<wp:post_password></wp:post_password>
	<wp:is_sticky>0</wp:is_sticky>

	
</item>
