<item>
	<title>R W Berry</title>
	<link>http://support.saveueamusic.org/r-w-berry</link>
	<pubDate>Mon Nov 14 12:00:00 -0800 2011</pubDate>
	
	<dc:creator><![CDATA[saveueamusic]]></dc:creator>
	
	

	<category><![CDATA[Uncategorized]]></category>

	<category domain="category" nicename="uncategorized"><![CDATA[Uncategorized]]></category>

  <guid isPermaLink="false">http://support.saveueamusic.org/r-w-berry</guid>
	<description></description>
	<content:encoded><![CDATA[<blockquote class="posterous_medium_quote">
<p>Music is one of the most intellectually demanding activities that humans can engage with. It taxes and focusses the mind developing both thinking and motor skills to the highest level acheivable over a person's lifetime. It marks a peak of human evolution. This is surely the very essence of what Universities are about. To close any music department is therefore a very retrograde step. Universities that have music departments are so much richer intellectual environments than those without.</p>
<p><em>R W Berry, Technical Specialist, School of Music, Durham University</em></p>
</blockquote>]]></content:encoded>
	<excerpt:encoded><![CDATA[Music is one of the most intellectually demanding activities that humans can engage with. It taxes and focusses the mind developing both thinking and motor skills to the highest level acheivable over a person's lifetime. It marks a peak of human e...]]></excerpt:encoded>	

	<wp:post_date>Mon Nov 14 12:00:00 -0800 2011</wp:post_date>
	<wp:post_date_gmt>Mon Nov 14 12:00:00 -0800 2011</wp:post_date_gmt>
	<wp:comment_status>open</wp:comment_status>
	<wp:ping_status>open</wp:ping_status>
	<wp:post_id>80485231</wp:post_id>
	<wp:post_name>r-w-berry</wp:post_name>
	<wp:status>publish</wp:status>
	<wp:post_parent>0</wp:post_parent>
	<wp:menu_order>0</wp:menu_order>
	<wp:post_type>post</wp:post_type>
	<wp:post_password></wp:post_password>
	<wp:is_sticky>0</wp:is_sticky>

	
</item>
