<item>
	<title>George Cheetham</title>
	<link>http://support.saveueamusic.org/george-cheetham</link>
	<pubDate>Mon Nov 14 12:00:00 -0800 2011</pubDate>
	
	<dc:creator><![CDATA[saveueamusic]]></dc:creator>
	
	

	<category><![CDATA[Uncategorized]]></category>

	<category domain="category" nicename="uncategorized"><![CDATA[Uncategorized]]></category>

  <guid isPermaLink="false">http://support.saveueamusic.org/george-cheetham</guid>
	<description></description>
	<content:encoded><![CDATA[<blockquote class="posterous_medium_quote">
<p>I am 18 and studying the FDA in pop. performance and music production at City College and if this course closes I will not have the opportunity to stay in this beautiful city and study music if I wish to carry on after a degree. I have studied music in Brighton but Norwich still remains an amazing place for music and for me, has offered me so much more compared to other places. Culturally and in live entertainment Norwich is progressing more and more into a wonderful, vibrant city filled with up and coming talent, what a shame it will be to lose this support.</p>
<p><em>George Cheetham, student, City College, Norwich</em></p>
</blockquote>]]></content:encoded>
	<excerpt:encoded><![CDATA[I am 18 and studying the FDA in pop. performance and music production at City College and if this course closes I will not have the opportunity to stay in this beautiful city and study music if I wish to carry on after a degree. I have studied mus...]]></excerpt:encoded>	

	<wp:post_date>Mon Nov 14 12:00:00 -0800 2011</wp:post_date>
	<wp:post_date_gmt>Mon Nov 14 12:00:00 -0800 2011</wp:post_date_gmt>
	<wp:comment_status>open</wp:comment_status>
	<wp:ping_status>open</wp:ping_status>
	<wp:post_id>80482357</wp:post_id>
	<wp:post_name>george-cheetham</wp:post_name>
	<wp:status>publish</wp:status>
	<wp:post_parent>0</wp:post_parent>
	<wp:menu_order>0</wp:menu_order>
	<wp:post_type>post</wp:post_type>
	<wp:post_password></wp:post_password>
	<wp:is_sticky>0</wp:is_sticky>

	
</item>
