<item>
	<title>Professor Erik Levi</title>
	<link>http://support.saveueamusic.org/professor-erik-levi</link>
	<pubDate>Fri Nov 18 05:24:00 -0800 2011</pubDate>
	
	<dc:creator><![CDATA[saveueamusic]]></dc:creator>
	
	

	<category><![CDATA[Uncategorized]]></category>

	<category domain="category" nicename="uncategorized"><![CDATA[Uncategorized]]></category>

  <guid isPermaLink="false">http://support.saveueamusic.org/professor-erik-levi</guid>
	<description></description>
	<content:encoded><![CDATA[<blockquote class="posterous_medium_quote">
<p>It's an extremely regressive step to contemplate closing a music department  in a specific geographical area of the country where it provides much-needed cultural sustenance. I do hope the powers-that-be seriously reconsider their actions which seem short-sighted and totally unjustified.</p>
</blockquote>
<p><em>Professor Erik Levi, Royal Holloway University of London</em></p>]]></content:encoded>
	<excerpt:encoded><![CDATA[It's an extremely regressive step to contemplate closing a music department in a specific geographical area of the country where it provides much-needed cultural sustenance. I do hope the powers-that-be seriously reconsider their actions which see...]]></excerpt:encoded>	

	<wp:post_date>Fri Nov 18 05:24:00 -0800 2011</wp:post_date>
	<wp:post_date_gmt>Fri Nov 18 05:24:00 -0800 2011</wp:post_date_gmt>
	<wp:comment_status>open</wp:comment_status>
	<wp:ping_status>open</wp:ping_status>
	<wp:post_id>80722201</wp:post_id>
	<wp:post_name>professor-erik-levi</wp:post_name>
	<wp:status>publish</wp:status>
	<wp:post_parent>0</wp:post_parent>
	<wp:menu_order>0</wp:menu_order>
	<wp:post_type>post</wp:post_type>
	<wp:post_password></wp:post_password>
	<wp:is_sticky>0</wp:is_sticky>

	
</item>
