<item>
	<title>Anthony Rooley</title>
	<link>http://support.saveueamusic.org/anthony-rooley</link>
	<pubDate>Fri Nov 18 05:53:00 -0800 2011</pubDate>
	
	<dc:creator><![CDATA[saveueamusic]]></dc:creator>
	
	

	<category><![CDATA[Uncategorized]]></category>

	<category domain="category" nicename="uncategorized"><![CDATA[Uncategorized]]></category>

  <guid isPermaLink="false">http://support.saveueamusic.org/anthony-rooley</guid>
	<description></description>
	<content:encoded><![CDATA[<blockquote class="posterous_medium_quote">
<p>"I came from a background (Yorkshire 1961) that didn't much understand the need for 'serious music'. Through my career I have seen how many places in the UK have given vitality to the powerful creative force of classical music. NOT LEAST OF THESE IS UEA - a vital force in engendering deep awareness of music at all levels, but especially on that level so profoundly part of our culture - music from other eras that cannot be forgotten, that must enjoy our best efforts in education - and UEA is outstanding in its history of delivering the goods. It CANNOT be allowed to fail or falter at this time. Please let 'commonsense' prevail - this is a an existing programme that deserves the Nation's best support!</p>
</blockquote>
<p><em>Anthony Rooley, LRAM,FRAM, Director of AVES Masters Programme, Basel, Switzerland; Director of 'The Consort of Musicke'</em></p>]]></content:encoded>
	<excerpt:encoded><![CDATA["I came from a background (Yorkshire 1961) that didn't much understand the need for 'serious music'. Through my career I have seen how many places in the UK have given vitality to the powerful creative force of classical music. NOT LEAST OF THESE ...]]></excerpt:encoded>	

	<wp:post_date>Fri Nov 18 05:53:00 -0800 2011</wp:post_date>
	<wp:post_date_gmt>Fri Nov 18 05:53:00 -0800 2011</wp:post_date_gmt>
	<wp:comment_status>open</wp:comment_status>
	<wp:ping_status>open</wp:ping_status>
	<wp:post_id>80725280</wp:post_id>
	<wp:post_name>anthony-rooley</wp:post_name>
	<wp:status>publish</wp:status>
	<wp:post_parent>0</wp:post_parent>
	<wp:menu_order>0</wp:menu_order>
	<wp:post_type>post</wp:post_type>
	<wp:post_password></wp:post_password>
	<wp:is_sticky>0</wp:is_sticky>

	
</item>
