<item>
	<title>Magnus Williams</title>
	<link>http://support.saveueamusic.org/magnus-williams</link>
	<pubDate>Fri Nov 18 05:26:00 -0800 2011</pubDate>
	
	<dc:creator><![CDATA[saveueamusic]]></dc:creator>
	
	

	<category><![CDATA[Uncategorized]]></category>

	<category domain="category" nicename="uncategorized"><![CDATA[Uncategorized]]></category>

  <guid isPermaLink="false">http://support.saveueamusic.org/magnus-williams</guid>
	<description></description>
	<content:encoded><![CDATA[<blockquote class="posterous_medium_quote">
<p>The School of Music is one of the jewels in UEA's crown. The lack of justification for closing such a fine and healthy department is evident in the clandestine manner in which the closure has been accomplished.</p>
</blockquote>
<p><em>Magnus Williams, Newcastle University</em></p>]]></content:encoded>
	<excerpt:encoded><![CDATA[The School of Music is one of the jewels in UEA's crown. The lack of justification for closing such a fine and healthy department is evident in the clandestine manner in which the closure has been accomplished. Magnus Williams, Newcastle University]]></excerpt:encoded>	

	<wp:post_date>Fri Nov 18 05:26:00 -0800 2011</wp:post_date>
	<wp:post_date_gmt>Fri Nov 18 05:26:00 -0800 2011</wp:post_date_gmt>
	<wp:comment_status>open</wp:comment_status>
	<wp:ping_status>open</wp:ping_status>
	<wp:post_id>80722498</wp:post_id>
	<wp:post_name>magnus-williams</wp:post_name>
	<wp:status>publish</wp:status>
	<wp:post_parent>0</wp:post_parent>
	<wp:menu_order>0</wp:menu_order>
	<wp:post_type>post</wp:post_type>
	<wp:post_password></wp:post_password>
	<wp:is_sticky>0</wp:is_sticky>

	
</item>
