<item>
	<title>Roger Rowe</title>
	<link>http://support.saveueamusic.org/roger-rowe</link>
	<pubDate>Fri Nov 18 05:35:00 -0800 2011</pubDate>
	
	<dc:creator><![CDATA[saveueamusic]]></dc:creator>
	
	

	<category><![CDATA[Uncategorized]]></category>

	<category domain="category" nicename="uncategorized"><![CDATA[Uncategorized]]></category>

  <guid isPermaLink="false">http://support.saveueamusic.org/roger-rowe</guid>
	<description></description>
	<content:encoded><![CDATA[<blockquote class="posterous_medium_quote">
<p>It would be tragic if the school were to close within 50 years of it's foundation with the advice and assistance of Benjamin Britten whose centenary is to be celebrated in 2013</p>
<p><em>Roger Rowe, Norwich Resident</em></p>
</blockquote>]]></content:encoded>
	<excerpt:encoded><![CDATA[It would be tragic if the school were to close within 50 years of it's foundation with the advice and assistance of Benjamin Britten whose centenary is to be celebrated in 2013 Roger Rowe, Norwich Resident]]></excerpt:encoded>	

	<wp:post_date>Fri Nov 18 05:35:00 -0800 2011</wp:post_date>
	<wp:post_date_gmt>Fri Nov 18 05:35:00 -0800 2011</wp:post_date_gmt>
	<wp:comment_status>open</wp:comment_status>
	<wp:ping_status>open</wp:ping_status>
	<wp:post_id>80723531</wp:post_id>
	<wp:post_name>roger-rowe</wp:post_name>
	<wp:status>publish</wp:status>
	<wp:post_parent>0</wp:post_parent>
	<wp:menu_order>0</wp:menu_order>
	<wp:post_type>post</wp:post_type>
	<wp:post_password></wp:post_password>
	<wp:is_sticky>0</wp:is_sticky>

	
</item>
