<item>
	<title>Richard Dobson</title>
	<link>http://support.saveueamusic.org/richard-dobson</link>
	<pubDate>Fri Nov 18 05:56:00 -0800 2011</pubDate>
	
	<dc:creator><![CDATA[saveueamusic]]></dc:creator>
	
	

	<category><![CDATA[Uncategorized]]></category>

	<category domain="category" nicename="uncategorized"><![CDATA[Uncategorized]]></category>

  <guid isPermaLink="false">http://support.saveueamusic.org/richard-dobson</guid>
	<description></description>
	<content:encoded><![CDATA[<blockquote>
<p>Such an action is as short-sighted as it is directly detrimental not only to those wishing to study music, but also those who do not. Music is now universally recognised as the single most effective "brain training" that exists; without music as an active presence in the institution, ~all~ students are deprived of an essential stimulus. It is important to the sciences as well as primus inter pares among the humanities, and thus precious to the psychological, emotional and intellectual health of the whole institution. This, after all, what is meant by a  "university".  Without music, and, moreover, with such an attitude that regards it as expendable, it is more than likely that over the years research funding success in other disciplines will diminish significantly, and that the University will struggle to recruit and retain staff of sufficient calibre to compensate for the deficit.</p>
</blockquote>
<p><em>Richard Dobson, Composers Desktop Project, LHCsound, Bath Spa University</em></p>]]></content:encoded>
	<excerpt:encoded><![CDATA[Such an action is as short-sighted as it is directly detrimental not only to those wishing to study music, but also those who do not. Music is now universally recognised as the single most effective "brain training" that exists; without music as a...]]></excerpt:encoded>	

	<wp:post_date>Fri Nov 18 05:56:00 -0800 2011</wp:post_date>
	<wp:post_date_gmt>Fri Nov 18 05:56:00 -0800 2011</wp:post_date_gmt>
	<wp:comment_status>open</wp:comment_status>
	<wp:ping_status>open</wp:ping_status>
	<wp:post_id>80725653</wp:post_id>
	<wp:post_name>richard-dobson</wp:post_name>
	<wp:status>publish</wp:status>
	<wp:post_parent>0</wp:post_parent>
	<wp:menu_order>0</wp:menu_order>
	<wp:post_type>post</wp:post_type>
	<wp:post_password></wp:post_password>
	<wp:is_sticky>0</wp:is_sticky>

	
</item>
