<item>
	<title>Kirsty Liane Hodgson</title>
	<link>http://support.saveueamusic.org/kirsty-liane-hodgson</link>
	<pubDate>Fri Nov 18 05:37:00 -0800 2011</pubDate>
	
	<dc:creator><![CDATA[saveueamusic]]></dc:creator>
	
	

	<category><![CDATA[Uncategorized]]></category>

	<category domain="category" nicename="uncategorized"><![CDATA[Uncategorized]]></category>

  <guid isPermaLink="false">http://support.saveueamusic.org/kirsty-liane-hodgson</guid>
	<description></description>
	<content:encoded><![CDATA[<blockquote class="posterous_medium_quote">
<p>Time and time again higher education establishments have thought it best to close down a classic department. Time and time again we have seen an outcry amongst many - both in academia and in the wider community. Music is an important part of everyone's lives and shutting down whole departments puts our knowledge and the role of all varieties of music at a risk. As a responsible educational institution you should not take away the opportunity for the future generation to study music. Especially in a department that is obviously attracting students (despite apparently reneged promises by the powers that be). There must be other options than closing a whole school of music. It would be best that they were pursued, surely?</p>
<p><em>Kirsty Liane Hodgson, The Open University</em></p>
</blockquote>]]></content:encoded>
	<excerpt:encoded><![CDATA[Time and time again higher education establishments have thought it best to close down a classic department. Time and time again we have seen an outcry amongst many - both in academia and in the wider community. Music is an important part of every...]]></excerpt:encoded>	

	<wp:post_date>Fri Nov 18 05:37:00 -0800 2011</wp:post_date>
	<wp:post_date_gmt>Fri Nov 18 05:37:00 -0800 2011</wp:post_date_gmt>
	<wp:comment_status>open</wp:comment_status>
	<wp:ping_status>open</wp:ping_status>
	<wp:post_id>80724479</wp:post_id>
	<wp:post_name>kirsty-liane-hodgson</wp:post_name>
	<wp:status>publish</wp:status>
	<wp:post_parent>0</wp:post_parent>
	<wp:menu_order>0</wp:menu_order>
	<wp:post_type>post</wp:post_type>
	<wp:post_password></wp:post_password>
	<wp:is_sticky>0</wp:is_sticky>

	
</item>
