<item>
	<title>Hilary Weiland</title>
	<link>http://support.saveueamusic.org/hilary-weiland</link>
	<pubDate>Fri Nov 18 05:29:00 -0800 2011</pubDate>
	
	<dc:creator><![CDATA[saveueamusic]]></dc:creator>
	
	

	<category><![CDATA[Uncategorized]]></category>

	<category domain="category" nicename="uncategorized"><![CDATA[Uncategorized]]></category>

  <guid isPermaLink="false">http://support.saveueamusic.org/hilary-weiland</guid>
	<description></description>
	<content:encoded><![CDATA[<blockquote class="posterous_medium_quote">
<p>As Director of Music at one of the city's premier schools, I think it would be a tragic loss. We have provided students for its courses over the years and others have benefitted from Choral and Orchestral courses.</p>
</blockquote>
<p><em>Hilary Weiland, Norwich High School for Girls</em></p>]]></content:encoded>
	<excerpt:encoded><![CDATA[As Director of Music at one of the city's premier schools, I think it would be a tragic loss. We have provided students for its courses over the years and others have benefitted from Choral and Orchestral courses. Hilary Weiland, Norwich High Scho...]]></excerpt:encoded>	

	<wp:post_date>Fri Nov 18 05:29:00 -0800 2011</wp:post_date>
	<wp:post_date_gmt>Fri Nov 18 05:29:00 -0800 2011</wp:post_date_gmt>
	<wp:comment_status>open</wp:comment_status>
	<wp:ping_status>open</wp:ping_status>
	<wp:post_id>80723226</wp:post_id>
	<wp:post_name>hilary-weiland</wp:post_name>
	<wp:status>publish</wp:status>
	<wp:post_parent>0</wp:post_parent>
	<wp:menu_order>0</wp:menu_order>
	<wp:post_type>post</wp:post_type>
	<wp:post_password></wp:post_password>
	<wp:is_sticky>0</wp:is_sticky>

	
</item>
