<item>
	<title>Arthur Haswell</title>
	<link>http://support.saveueamusic.org/arthur-haswell</link>
	<pubDate>Mon Nov 21 03:50:00 -0800 2011</pubDate>
	
	<dc:creator><![CDATA[saveueamusic]]></dc:creator>
	
	

	<category><![CDATA[Uncategorized]]></category>

	<category domain="category" nicename="uncategorized"><![CDATA[Uncategorized]]></category>

  <guid isPermaLink="false">http://support.saveueamusic.org/arthur-haswell</guid>
	<description></description>
	<content:encoded><![CDATA[<blockquote class="posterous_medium_quote">
<p>As a specialist musical instrument repairer and keen follower of music in the country I can vouch for the importance of the UEA's music department. It is essential that the tradition of music teaching that has been built up at UEA is not thrown away.</p>
</blockquote>
<p><em>Arthur Haswell, Specialist Instrument repairer</em></p>]]></content:encoded>
	<excerpt:encoded><![CDATA[As a specialist musical instrument repairer and keen follower of music in the country I can vouch for the importance of the UEA's music department. It is essential that the tradition of music teaching that has been built up at UEA is not thrown aw...]]></excerpt:encoded>	

	<wp:post_date>Mon Nov 21 03:50:00 -0800 2011</wp:post_date>
	<wp:post_date_gmt>Mon Nov 21 03:50:00 -0800 2011</wp:post_date_gmt>
	<wp:comment_status>open</wp:comment_status>
	<wp:ping_status>open</wp:ping_status>
	<wp:post_id>81080920</wp:post_id>
	<wp:post_name>arthur-haswell</wp:post_name>
	<wp:status>publish</wp:status>
	<wp:post_parent>0</wp:post_parent>
	<wp:menu_order>0</wp:menu_order>
	<wp:post_type>post</wp:post_type>
	<wp:post_password></wp:post_password>
	<wp:is_sticky>0</wp:is_sticky>

	
</item>
