<item>
	<title>Sir Nicholas Hytner</title>
	<link>http://support.saveueamusic.org/sir-nicholas-hytner</link>
	<pubDate>Mon Nov 21 04:45:00 -0800 2011</pubDate>
	
	<dc:creator><![CDATA[saveueamusic]]></dc:creator>
	
	

	<category><![CDATA[Uncategorized]]></category>

	<category domain="category" nicename="uncategorized"><![CDATA[Uncategorized]]></category>

  <guid isPermaLink="false">http://support.saveueamusic.org/sir-nicholas-hytner</guid>
	<description></description>
	<content:encoded><![CDATA[<blockquote class="posterous_short_quote">
<p>I am dismayed by the news that the School of Music will close and appalled that as a result of cuts in Higher Education so many Humanities departments find themselves under the cosh.</p>
</blockquote>
<p><em>Sir Nicholas Hytner, Director of the National Theatre</em></p>]]></content:encoded>
	<excerpt:encoded><![CDATA[I am dismayed by the news that the School of Music will close and appalled that as a result of cuts in Higher Education so many Humanities departments find themselves under the cosh. Sir Nicholas Hytner, Director of the National Theatre]]></excerpt:encoded>	

	<wp:post_date>Mon Nov 21 04:45:00 -0800 2011</wp:post_date>
	<wp:post_date_gmt>Mon Nov 21 04:45:00 -0800 2011</wp:post_date_gmt>
	<wp:comment_status>open</wp:comment_status>
	<wp:ping_status>open</wp:ping_status>
	<wp:post_id>81086021</wp:post_id>
	<wp:post_name>sir-nicholas-hytner</wp:post_name>
	<wp:status>publish</wp:status>
	<wp:post_parent>0</wp:post_parent>
	<wp:menu_order>0</wp:menu_order>
	<wp:post_type>post</wp:post_type>
	<wp:post_password></wp:post_password>
	<wp:is_sticky>0</wp:is_sticky>

	
</item>
