<item>
	<title>Dr David Allinson</title>
	<link>http://support.saveueamusic.org/dr-david-allinson</link>
	<pubDate>Mon Nov 21 04:07:00 -0800 2011</pubDate>
	
	<dc:creator><![CDATA[saveueamusic]]></dc:creator>
	
	

	<category><![CDATA[Uncategorized]]></category>

	<category domain="category" nicename="uncategorized"><![CDATA[Uncategorized]]></category>

  <guid isPermaLink="false">http://support.saveueamusic.org/dr-david-allinson</guid>
	<description></description>
	<content:encoded><![CDATA[<blockquote class="posterous_medium_quote">
<p>Without a music department at UEA, Norwich and the East Anglian region will be culturally  impoverished. A thriving music department is a seedbed of cultural activity that helps to attract  excellent students to all university faculties. I urge that this closure proposal is thrown out.</p>
</blockquote>
<p><em>Dr David Allinson, Bristol University</em></p>]]></content:encoded>
	<excerpt:encoded><![CDATA[Without a music department at UEA, Norwich and the East Anglian region will be culturally impoverished. A thriving music department is a seedbed of cultural activity that helps to attract excellent students to all university faculties. I urge that...]]></excerpt:encoded>	

	<wp:post_date>Mon Nov 21 04:07:00 -0800 2011</wp:post_date>
	<wp:post_date_gmt>Mon Nov 21 04:07:00 -0800 2011</wp:post_date_gmt>
	<wp:comment_status>open</wp:comment_status>
	<wp:ping_status>open</wp:ping_status>
	<wp:post_id>81082693</wp:post_id>
	<wp:post_name>dr-david-allinson</wp:post_name>
	<wp:status>publish</wp:status>
	<wp:post_parent>0</wp:post_parent>
	<wp:menu_order>0</wp:menu_order>
	<wp:post_type>post</wp:post_type>
	<wp:post_password></wp:post_password>
	<wp:is_sticky>0</wp:is_sticky>

	
</item>
