<item>
	<title>Dr Chris Kennett</title>
	<link>http://support.saveueamusic.org/dr-chris-kennett</link>
	<pubDate>Mon Nov 21 03:48:00 -0800 2011</pubDate>
	
	<dc:creator><![CDATA[saveueamusic]]></dc:creator>
	
	

	<category><![CDATA[Uncategorized]]></category>

	<category domain="category" nicename="uncategorized"><![CDATA[Uncategorized]]></category>

  <guid isPermaLink="false">http://support.saveueamusic.org/dr-chris-kennett</guid>
	<description></description>
	<content:encoded><![CDATA[<blockquote class="posterous_medium_quote">
<p>Absurd; specious; dissembling: three words to sum up a decision that has so many alternatives any one of which would work out financially much better for the University as a whole, let alone the School. Closure in this case is, simply, the worst possible 'solution' to a problem which is so easily surmountable with forward-thinking and support, as opposed to blinkered, wrong-headed expediency.</p>
</blockquote>
<p><em>Dr Chris Kennett, University of Westminster</em></p>]]></content:encoded>
	<excerpt:encoded><![CDATA[Absurd; specious; dissembling: three words to sum up a decision that has so many alternatives any one of which would work out financially much better for the University as a whole, let alone the School. Closure in this case is, simply, the worst p...]]></excerpt:encoded>	

	<wp:post_date>Mon Nov 21 03:48:00 -0800 2011</wp:post_date>
	<wp:post_date_gmt>Mon Nov 21 03:48:00 -0800 2011</wp:post_date_gmt>
	<wp:comment_status>open</wp:comment_status>
	<wp:ping_status>open</wp:ping_status>
	<wp:post_id>81080581</wp:post_id>
	<wp:post_name>dr-chris-kennett</wp:post_name>
	<wp:status>publish</wp:status>
	<wp:post_parent>0</wp:post_parent>
	<wp:menu_order>0</wp:menu_order>
	<wp:post_type>post</wp:post_type>
	<wp:post_password></wp:post_password>
	<wp:is_sticky>0</wp:is_sticky>

	
</item>
