<item>
	<title>Kieran Cooper</title>
	<link>http://support.saveueamusic.org/kieran-cooper</link>
	<pubDate>Mon Nov 21 04:03:00 -0800 2011</pubDate>
	
	<dc:creator><![CDATA[saveueamusic]]></dc:creator>
	
	

	<category><![CDATA[Uncategorized]]></category>

	<category domain="category" nicename="uncategorized"><![CDATA[Uncategorized]]></category>

  <guid isPermaLink="false">http://support.saveueamusic.org/kieran-cooper</guid>
	<description></description>
	<content:encoded><![CDATA[<blockquote class="posterous_medium_quote">
<p>UEA is one of the great music courses of this country, and the department's facilities are superb. It is essential to academic music in this country - and particularly to the music infrastructure of East Anglia. Its links with local festivals mean there would be a massive gap in opportunity in this region were it to close - especially in such a cavalier manner.</p>
</blockquote>
<p><em>Kieran Cooper, Cambridge resident</em></p>]]></content:encoded>
	<excerpt:encoded><![CDATA[UEA is one of the great music courses of this country, and the department's facilities are superb. It is essential to academic music in this country - and particularly to the music infrastructure of East Anglia. Its links with local festivals mean...]]></excerpt:encoded>	

	<wp:post_date>Mon Nov 21 04:03:00 -0800 2011</wp:post_date>
	<wp:post_date_gmt>Mon Nov 21 04:03:00 -0800 2011</wp:post_date_gmt>
	<wp:comment_status>open</wp:comment_status>
	<wp:ping_status>open</wp:ping_status>
	<wp:post_id>81082182</wp:post_id>
	<wp:post_name>kieran-cooper</wp:post_name>
	<wp:status>publish</wp:status>
	<wp:post_parent>0</wp:post_parent>
	<wp:menu_order>0</wp:menu_order>
	<wp:post_type>post</wp:post_type>
	<wp:post_password></wp:post_password>
	<wp:is_sticky>0</wp:is_sticky>

	
</item>
