<item>
	<title>Roger Thomas</title>
	<link>http://support.saveueamusic.org/roger-thomas</link>
	<pubDate>Mon Nov 21 04:11:00 -0800 2011</pubDate>
	
	<dc:creator><![CDATA[saveueamusic]]></dc:creator>
	
	

	<category><![CDATA[Uncategorized]]></category>

	<category domain="category" nicename="uncategorized"><![CDATA[Uncategorized]]></category>

  <guid isPermaLink="false">http://support.saveueamusic.org/roger-thomas</guid>
	<description></description>
	<content:encoded><![CDATA[<blockquote>
<p>This is ridiculous. UEA has produced some of the most creative practitioners in all forms of music, many of whom I've met and a couple of whom I've had the privilege of losing excellent jobs to. In my capacity as the Editor of JazzUK magazine it seems like five minutes ago that I was reading Vic Hobson's news about the School's Ellington orchestra - now I'm told that the school that produced the likes of Kate Williams and Julian Siegel isn't worth keeping open? In my other capacity as an occasional contemporary music practitioner I always think of UEA as offering a home to some of the most significant individuals in the field - Limbrick, Waters, others - yet such an institution isn't worth preserving?</p>
<p>To be honest, this idea doesn't even qualify as barbarism; it just seems clueless, as if the University doesn't realise how much significance the School has in the wider world. Furthermore, it seems to me that the School actually produces a disproportionally large number of economically active music professionals, so to close the School would also mean closing off that economic activity, which in times like these is simply delinquent.</p>
</blockquote>
<p><em>Roger Thomas, JazzUK Magazine</em></p>]]></content:encoded>
	<excerpt:encoded><![CDATA[This is ridiculous. UEA has produced some of the most creative practitioners in all forms of music, many of whom I've met and a couple of whom I've had the privilege of losing excellent jobs to. In my capacity as the Editor of JazzUK magazine it s...]]></excerpt:encoded>	

	<wp:post_date>Mon Nov 21 04:11:00 -0800 2011</wp:post_date>
	<wp:post_date_gmt>Mon Nov 21 04:11:00 -0800 2011</wp:post_date_gmt>
	<wp:comment_status>open</wp:comment_status>
	<wp:ping_status>open</wp:ping_status>
	<wp:post_id>81082966</wp:post_id>
	<wp:post_name>roger-thomas</wp:post_name>
	<wp:status>publish</wp:status>
	<wp:post_parent>0</wp:post_parent>
	<wp:menu_order>0</wp:menu_order>
	<wp:post_type>post</wp:post_type>
	<wp:post_password></wp:post_password>
	<wp:is_sticky>0</wp:is_sticky>

	
</item>
