<item>
	<title>Stephanie Barclay</title>
	<link>http://support.saveueamusic.org/stephanie-barclay</link>
	<pubDate>Tue Nov 22 01:56:00 -0800 2011</pubDate>
	
	<dc:creator><![CDATA[saveueamusic]]></dc:creator>
	
	

	<category><![CDATA[Uncategorized]]></category>

	<category domain="category" nicename="uncategorized"><![CDATA[Uncategorized]]></category>

  <guid isPermaLink="false">http://support.saveueamusic.org/stephanie-barclay</guid>
	<description></description>
	<content:encoded><![CDATA[<blockquote class="posterous_medium_quote">
<p>If you want a nation where humanity develops and nurtures its members, every opportunity should be given to creative thinking and expression. Over millennia humanity has striven to excellence in expressive arts: is it our purpose in the 21st century to curtail and stifle this?</p>
<p>As a parent of an original member of the trial Junior Academy at the UEA, I saw the greatness of talent and skill that was being passed on to these new Musicians, by the excellent staff of the Department.</p>
<p>Cry Shame! to those officials who lack educational vision. Keep the School of Music open to conserve balance in Education and provide opportunity for the next generation's enrichment.</p>
</blockquote>
<p><em>Stephanie Barclay</em></p>]]></content:encoded>
	<excerpt:encoded><![CDATA[If you want a nation where humanity develops and nurtures its members, every opportunity should be given to creative thinking and expression. Over millennia humanity has striven to excellence in expressive arts: is it our purpose in the 21st centu...]]></excerpt:encoded>	

	<wp:post_date>Tue Nov 22 01:56:00 -0800 2011</wp:post_date>
	<wp:post_date_gmt>Tue Nov 22 01:56:00 -0800 2011</wp:post_date_gmt>
	<wp:comment_status>open</wp:comment_status>
	<wp:ping_status>open</wp:ping_status>
	<wp:post_id>81232370</wp:post_id>
	<wp:post_name>stephanie-barclay</wp:post_name>
	<wp:status>publish</wp:status>
	<wp:post_parent>0</wp:post_parent>
	<wp:menu_order>0</wp:menu_order>
	<wp:post_type>post</wp:post_type>
	<wp:post_password></wp:post_password>
	<wp:is_sticky>0</wp:is_sticky>

	
</item>
