<item>
	<title>Dr Aleksandar Aksentijevic</title>
	<link>http://support.saveueamusic.org/dr-aleksandar-aksentijevic</link>
	<pubDate>Tue Nov 22 01:50:00 -0800 2011</pubDate>
	
	<dc:creator><![CDATA[saveueamusic]]></dc:creator>
	
	

	<category><![CDATA[Uncategorized]]></category>

	<category domain="category" nicename="uncategorized"><![CDATA[Uncategorized]]></category>

  <guid isPermaLink="false">http://support.saveueamusic.org/dr-aleksandar-aksentijevic</guid>
	<description></description>
	<content:encoded><![CDATA[<blockquote class="posterous_medium_quote">
<p>To whom it may concern:</p>
<p>I wish to support my colleagues at UEA for two reasons. First, universities are shedding departments they deem unprofitable, stripping UK higher education of breadth and intellectual depth based on short-term calculations that are likely to prove invalid given the current "market" volatility. Once closed, a good department cannot be revived. Second, given the increasing importance of music as a medium in a diverse range of contexts (health, education, etc.) there is a greater than ever need for an interdisciplinary academic study of music.</p>
<p>Please, reconsider your decision!</p>
</blockquote>
<p><em>Dr Aleksandar Aksentijevic, University of Roehampton, London</em></p>]]></content:encoded>
	<excerpt:encoded><![CDATA[To whom it may concern: I wish to support my colleagues at UEA for two reasons. First, universities are shedding departments they deem unprofitable, stripping UK higher education of breadth and intellectual depth based on short-term calculations t...]]></excerpt:encoded>	

	<wp:post_date>Tue Nov 22 01:50:00 -0800 2011</wp:post_date>
	<wp:post_date_gmt>Tue Nov 22 01:50:00 -0800 2011</wp:post_date_gmt>
	<wp:comment_status>open</wp:comment_status>
	<wp:ping_status>open</wp:ping_status>
	<wp:post_id>81231936</wp:post_id>
	<wp:post_name>dr-aleksandar-aksentijevic</wp:post_name>
	<wp:status>publish</wp:status>
	<wp:post_parent>0</wp:post_parent>
	<wp:menu_order>0</wp:menu_order>
	<wp:post_type>post</wp:post_type>
	<wp:post_password></wp:post_password>
	<wp:is_sticky>0</wp:is_sticky>

	
</item>
