<item>
	<title>Professor Christopher R Wilson</title>
	<link>http://support.saveueamusic.org/professor-christopher-r-wilson</link>
	<pubDate>Tue Nov 22 01:48:00 -0800 2011</pubDate>
	
	<dc:creator><![CDATA[saveueamusic]]></dc:creator>
	
	

	<category><![CDATA[Uncategorized]]></category>

	<category domain="category" nicename="uncategorized"><![CDATA[Uncategorized]]></category>

  <guid isPermaLink="false">http://support.saveueamusic.org/professor-christopher-r-wilson</guid>
	<description></description>
	<content:encoded><![CDATA[<blockquote class="posterous_medium_quote">
<p>Music at UEA is historically and currently an established and famous centre of excellence in music. To close the School would be a significant loss to both the region and the UK. Trends in HEI music applications would suggest that music is extremely buoyant. To close music at UEA would seem premature, to say the least.</p>
</blockquote>
<p><em>Professor Christopher R Wilson, University of Hull</em></p>]]></content:encoded>
	<excerpt:encoded><![CDATA[Music at UEA is historically and currently an established and famous centre of excellence in music. To close the School would be a significant loss to both the region and the UK. Trends in HEI music applications would suggest that music is extreme...]]></excerpt:encoded>	

	<wp:post_date>Tue Nov 22 01:48:00 -0800 2011</wp:post_date>
	<wp:post_date_gmt>Tue Nov 22 01:48:00 -0800 2011</wp:post_date_gmt>
	<wp:comment_status>open</wp:comment_status>
	<wp:ping_status>open</wp:ping_status>
	<wp:post_id>81231653</wp:post_id>
	<wp:post_name>professor-christopher-r-wilson</wp:post_name>
	<wp:status>publish</wp:status>
	<wp:post_parent>0</wp:post_parent>
	<wp:menu_order>0</wp:menu_order>
	<wp:post_type>post</wp:post_type>
	<wp:post_password></wp:post_password>
	<wp:is_sticky>0</wp:is_sticky>

	
</item>
