<item>
	<title>Sarah Hanley</title>
	<link>http://support.saveueamusic.org/sarah-hanley</link>
	<pubDate>Tue Nov 22 01:44:00 -0800 2011</pubDate>
	
	<dc:creator><![CDATA[saveueamusic]]></dc:creator>
	
	

	<category><![CDATA[Uncategorized]]></category>

	<category domain="category" nicename="uncategorized"><![CDATA[Uncategorized]]></category>

  <guid isPermaLink="false">http://support.saveueamusic.org/sarah-hanley</guid>
	<description></description>
	<content:encoded><![CDATA[<blockquote>
<p>A former student is attending UEA music department and is enjoying her studies there. I know she is getting opportunities to play that she would not have had at Music conservatoires . Dumbing down of music is not acceptable. A friend of mine has done extensive research into the importance of music. It is the first thing we acknowledge pre-birth and the last thing out when we die of old age. There should be more music study and more young people spreading the word.  Music is the one language that everyone can speak and UEA should not deprive young people the opportunity to study this subject. If you lose the department you lose the soul of the University.</p>
<blockquote>
<p><em>Sarah Hanley, Teacher</em></p>
</blockquote>
</blockquote>]]></content:encoded>
	<excerpt:encoded><![CDATA[A former student is attending UEA music department and is enjoying her studies there. I know she is getting opportunities to play that she would not have had at Music conservatoires . Dumbing down of music is not acceptable. A friend of mine has d...]]></excerpt:encoded>	

	<wp:post_date>Tue Nov 22 01:44:00 -0800 2011</wp:post_date>
	<wp:post_date_gmt>Tue Nov 22 01:44:00 -0800 2011</wp:post_date_gmt>
	<wp:comment_status>open</wp:comment_status>
	<wp:ping_status>open</wp:ping_status>
	<wp:post_id>81231389</wp:post_id>
	<wp:post_name>sarah-hanley</wp:post_name>
	<wp:status>publish</wp:status>
	<wp:post_parent>0</wp:post_parent>
	<wp:menu_order>0</wp:menu_order>
	<wp:post_type>post</wp:post_type>
	<wp:post_password></wp:post_password>
	<wp:is_sticky>0</wp:is_sticky>

	
</item>
