<item>
	<title>James Weeks</title>
	<link>http://support.saveueamusic.org/james-weeks</link>
	<pubDate>Tue Nov 22 03:56:00 -0800 2011</pubDate>
	
	<dc:creator><![CDATA[saveueamusic]]></dc:creator>
	
	

	<category><![CDATA[Uncategorized]]></category>

	<category domain="category" nicename="uncategorized"><![CDATA[Uncategorized]]></category>

  <guid isPermaLink="false">http://support.saveueamusic.org/james-weeks</guid>
	<description></description>
	<content:encoded><![CDATA[<blockquote>
<p>UEA's Music Department is an internationally important department producing significant work through the activities of its staff and postgraduates, and well as being a vital and highly respected regional hub for the training of musicologists and musicians at undergraduate level. I have recently worked with UEA music undergraduates at Aldeburgh, and been highly impressed at their talent and drive. The department is also a crucial centre of cultural activity in a region that desperately needs this resource. Closing it down would be an act of vandalism against the institution of UEA itself, against the region's culture, against society at large and against culture in general at a time when we have never needed the arts more. And do you really think students will want to come to a university that has no music infrastructure? It is always easy to close things and near-impossible to undo the damage. Don't add to the philistinism of our society. Save the department.</p>
</blockquote>
<p><em>James Weeks, Composer/conductor</em></p>]]></content:encoded>
	<excerpt:encoded><![CDATA[UEA's Music Department is an internationally important department producing significant work through the activities of its staff and postgraduates, and well as being a vital and highly respected regional hub for the training of musicologists and m...]]></excerpt:encoded>	

	<wp:post_date>Tue Nov 22 03:56:00 -0800 2011</wp:post_date>
	<wp:post_date_gmt>Tue Nov 22 03:56:00 -0800 2011</wp:post_date_gmt>
	<wp:comment_status>open</wp:comment_status>
	<wp:ping_status>open</wp:ping_status>
	<wp:post_id>81243981</wp:post_id>
	<wp:post_name>james-weeks</wp:post_name>
	<wp:status>publish</wp:status>
	<wp:post_parent>0</wp:post_parent>
	<wp:menu_order>0</wp:menu_order>
	<wp:post_type>post</wp:post_type>
	<wp:post_password></wp:post_password>
	<wp:is_sticky>0</wp:is_sticky>

	
</item>
