<item>
	<title>Dr Barbara Jennings</title>
	<link>http://support.saveueamusic.org/dr-barbara-jennings</link>
	<pubDate>Tue Nov 22 11:09:00 -0800 2011</pubDate>
	
	<dc:creator><![CDATA[saveueamusic]]></dc:creator>
	
	

	<category><![CDATA[Uncategorized]]></category>

	<category domain="category" nicename="uncategorized"><![CDATA[Uncategorized]]></category>

  <guid isPermaLink="false">http://support.saveueamusic.org/dr-barbara-jennings</guid>
	<description></description>
	<content:encoded><![CDATA[<blockquote class="posterous_medium_quote">
<p>UEA was established with an excellent ethos and a clear set of values in the 1960s. A broad education was offered; and an equally broad swathe of the population was encouraged to study here. There was an excellent collaborative atmosphere over subsequent decades between staff groups and most importantly an equal relationship between staff and students.</p>
<p>We now seem to have lost all values and our ethos is based on commodifying both staff and students.</p>
<p>Closing the school of music would mark a point of no-return in this unfortunate era of ill-judged change.</p>
</blockquote>
<p><em>Dr Barbara Jennings, Senior Lecturer in Molecular Medicine, University of East Anglia</em></p>]]></content:encoded>
	<excerpt:encoded><![CDATA[UEA was established with an excellent ethos and a clear set of values in the 1960s. A broad education was offered; and an equally broad swathe of the population was encouraged to study here. There was an excellent collaborative atmosphere over sub...]]></excerpt:encoded>	

	<wp:post_date>Tue Nov 22 11:09:00 -0800 2011</wp:post_date>
	<wp:post_date_gmt>Tue Nov 22 11:09:00 -0800 2011</wp:post_date_gmt>
	<wp:comment_status>open</wp:comment_status>
	<wp:ping_status>open</wp:ping_status>
	<wp:post_id>81287697</wp:post_id>
	<wp:post_name>dr-barbara-jennings</wp:post_name>
	<wp:status>publish</wp:status>
	<wp:post_parent>0</wp:post_parent>
	<wp:menu_order>0</wp:menu_order>
	<wp:post_type>post</wp:post_type>
	<wp:post_password></wp:post_password>
	<wp:is_sticky>0</wp:is_sticky>

	
</item>
