<item>
	<title>Dr Sue Jickells</title>
	<link>http://support.saveueamusic.org/dr-sue-jickells</link>
	<pubDate>Tue Nov 22 11:07:00 -0800 2011</pubDate>
	
	<dc:creator><![CDATA[saveueamusic]]></dc:creator>
	
	

	<category><![CDATA[Uncategorized]]></category>

	<category domain="category" nicename="uncategorized"><![CDATA[Uncategorized]]></category>

  <guid isPermaLink="false">http://support.saveueamusic.org/dr-sue-jickells</guid>
	<description></description>
	<content:encoded><![CDATA[<blockquote class="posterous_medium_quote">
<p>It is exceedingly disappointing that UEA is proposing to close the School of Music.  The School provides a focal point for musical activities at UEA.  Surely any university worthy of the name of being called a University should be supporting the arts, of which music is a core element.  UEA will be considerably poorer culturally if the School of Music is closed.</p>
</blockquote>
<p><em>Dr Sue Jickells, University of East Anglia, Faculty of Science</em></p>]]></content:encoded>
	<excerpt:encoded><![CDATA[It is exceedingly disappointing that UEA is proposing to close the School of Music. The School provides a focal point for musical activities at UEA. Surely any university worthy of the name of being called a University should be supporting the art...]]></excerpt:encoded>	

	<wp:post_date>Tue Nov 22 11:07:00 -0800 2011</wp:post_date>
	<wp:post_date_gmt>Tue Nov 22 11:07:00 -0800 2011</wp:post_date_gmt>
	<wp:comment_status>open</wp:comment_status>
	<wp:ping_status>open</wp:ping_status>
	<wp:post_id>81287405</wp:post_id>
	<wp:post_name>dr-sue-jickells</wp:post_name>
	<wp:status>publish</wp:status>
	<wp:post_parent>0</wp:post_parent>
	<wp:menu_order>0</wp:menu_order>
	<wp:post_type>post</wp:post_type>
	<wp:post_password></wp:post_password>
	<wp:is_sticky>0</wp:is_sticky>

	
</item>
