<item>
	<title>Dr Shona Yu</title>
	<link>http://support.saveueamusic.org/dr-shona-yu</link>
	<pubDate>Tue Nov 22 14:17:00 -0800 2011</pubDate>
	
	<dc:creator><![CDATA[saveueamusic]]></dc:creator>
	
	

	<category><![CDATA[Uncategorized]]></category>

	<category domain="category" nicename="uncategorized"><![CDATA[Uncategorized]]></category>

  <guid isPermaLink="false">http://support.saveueamusic.org/dr-shona-yu</guid>
	<description></description>
	<content:encoded><![CDATA[<blockquote class="posterous_short_quote">
<p>Music is more than just an art form and is an integral part of both society and education. Although I'm a scientist, I could not imagine being at a university which does not support music.</p>
</blockquote>
<p><em>Dr Shona Yu, Senior Research Associate, School of Mathematics, University of East Anglia</em></p>]]></content:encoded>
	<excerpt:encoded><![CDATA[Music is more than just an art form and is an integral part of both society and education. Although I'm a scientist, I could not imagine being at a university which does not support music. Dr Shona Yu, Senior Research Associate, School of Mathemat...]]></excerpt:encoded>	

	<wp:post_date>Tue Nov 22 14:17:00 -0800 2011</wp:post_date>
	<wp:post_date_gmt>Tue Nov 22 14:17:00 -0800 2011</wp:post_date_gmt>
	<wp:comment_status>open</wp:comment_status>
	<wp:ping_status>open</wp:ping_status>
	<wp:post_id>81307034</wp:post_id>
	<wp:post_name>dr-shona-yu</wp:post_name>
	<wp:status>publish</wp:status>
	<wp:post_parent>0</wp:post_parent>
	<wp:menu_order>0</wp:menu_order>
	<wp:post_type>post</wp:post_type>
	<wp:post_password></wp:post_password>
	<wp:is_sticky>0</wp:is_sticky>

	
</item>
