<item>
	<title>Dave Rowntree</title>
	<link>http://support.saveueamusic.org/dave-rowntree</link>
	<pubDate>Wed Nov 23 14:33:00 -0800 2011</pubDate>
	
	<dc:creator><![CDATA[saveueamusic]]></dc:creator>
	
	

	<category><![CDATA[Uncategorized]]></category>

	<category domain="category" nicename="uncategorized"><![CDATA[Uncategorized]]></category>

  <guid isPermaLink="false">http://support.saveueamusic.org/dave-rowntree</guid>
	<description></description>
	<content:encoded><![CDATA[<blockquote>
<p>I was very disappointed to hear that UEA are considering closing their School of Music. For far too long the arts have been seen as the poor cousins of the sciences, and so the first to be cut when budgets get tight. Well I hope it goes without saying that I think, at the very least, this is a short sighted approach, and not just because of the cultural impact that cuts like these will have, though I think that the damage the cause is self-evident.</p>
<p>Having a vibrant culture often appears to be optional to the bean counters that make these decisions.</p>
<p>So let's put the creative industries into a context that even the accountants can understand. The creative industries, either directly or indirectly, employ over 2.3 million people. They account for nearly 6% of the entire wealth generated by the country. They bring in over &pound;17 billion in foreign currency to the UK every year. And according to the Arts Council, for every &pound;1 invested in the arts, &pound;2 is returned to the wider economy.</p>
<p>That's why I believe that any cuts in training in the arts, in a time of recession, is not just short-sighted, but is economic vandalism. So I'm calling on those entrusted with making this decision to do whatever is necessary to save the UEA School of Music. And if you're not going to do it for the music, then follow the generations of dodgy rock stars, and simply do it for the money.</p>
</blockquote>
<p><em>Dave Rowntree, Musician and Political Activist</em></p>]]></content:encoded>
	<excerpt:encoded><![CDATA[I was very disappointed to hear that UEA are considering closing their School of Music. For far too long the arts have been seen as the poor cousins of the sciences, and so the first to be cut when budgets get tight. Well I hope it goes without sa...]]></excerpt:encoded>	

	<wp:post_date>Wed Nov 23 14:33:00 -0800 2011</wp:post_date>
	<wp:post_date_gmt>Wed Nov 23 14:33:00 -0800 2011</wp:post_date_gmt>
	<wp:comment_status>open</wp:comment_status>
	<wp:ping_status>open</wp:ping_status>
	<wp:post_id>81512253</wp:post_id>
	<wp:post_name>dave-rowntree</wp:post_name>
	<wp:status>publish</wp:status>
	<wp:post_parent>0</wp:post_parent>
	<wp:menu_order>0</wp:menu_order>
	<wp:post_type>post</wp:post_type>
	<wp:post_password></wp:post_password>
	<wp:is_sticky>0</wp:is_sticky>

	
</item>
