<item>
	<title>Professor Alexander Bittner</title>
	<link>http://support.saveueamusic.org/professor-alexander-bittner</link>
	<pubDate>Fri Nov 25 03:54:00 -0800 2011</pubDate>
	
	<dc:creator><![CDATA[saveueamusic]]></dc:creator>
	
	

	<category><![CDATA[Uncategorized]]></category>

	<category domain="category" nicename="uncategorized"><![CDATA[Uncategorized]]></category>

  <guid isPermaLink="false">http://support.saveueamusic.org/professor-alexander-bittner</guid>
	<description></description>
	<content:encoded><![CDATA[<blockquote class="posterous_medium_quote">
<p>I wish you good luck with downgrading to a "Technical School of East Anglia", which already lacks vital departments such as physics, and thus should not be called "university" (latin: "universitas") any further.  I studied chemistry at UEA in the early 1990s, and enjoyed the presence of all departments, especially music.</p>
</blockquote>
<p><em>Professor Alexander Bittner, Ikerbasque research Professor, Spain</em></p>]]></content:encoded>
	<excerpt:encoded><![CDATA[I wish you good luck with downgrading to a "Technical School of East Anglia", which already lacks vital departments such as physics, and thus should not be called "university" (latin: "universitas") any further. I studied chemistry at UEA in the e...]]></excerpt:encoded>	

	<wp:post_date>Fri Nov 25 03:54:00 -0800 2011</wp:post_date>
	<wp:post_date_gmt>Fri Nov 25 03:54:00 -0800 2011</wp:post_date_gmt>
	<wp:comment_status>open</wp:comment_status>
	<wp:ping_status>open</wp:ping_status>
	<wp:post_id>81858710</wp:post_id>
	<wp:post_name>professor-alexander-bittner</wp:post_name>
	<wp:status>publish</wp:status>
	<wp:post_parent>0</wp:post_parent>
	<wp:menu_order>0</wp:menu_order>
	<wp:post_type>post</wp:post_type>
	<wp:post_password></wp:post_password>
	<wp:is_sticky>0</wp:is_sticky>

	
</item>
