<item>
	<title>Kate Boursnell</title>
	<link>http://support.saveueamusic.org/kate-boursnell</link>
	<pubDate>Sat Nov 26 14:17:00 -0800 2011</pubDate>
	
	<dc:creator><![CDATA[saveueamusic]]></dc:creator>
	
	

	<category><![CDATA[Uncategorized]]></category>

	<category domain="category" nicename="uncategorized"><![CDATA[Uncategorized]]></category>

  <guid isPermaLink="false">http://support.saveueamusic.org/kate-boursnell</guid>
	<description></description>
	<content:encoded><![CDATA[<blockquote>
<p>Can you imagine living in a world without music and musical innovation?</p>
<p>The work by everyone at the UEA Music Department significantly enhances the musical and broader arts culture of the City of Norwich, East Anglia, the UK and beyond.</p>
<p>Universities are not just places that nuture our future top research scientists, leaders of industry, doctors, teachers and economists.</p>
<p>Music and words matter too.</p>
<p>A decision to close the Music Department  at UEA would damage the University's reputation and credibility as a respected institution.  It needs to recognise that it has a role both as a guardian of our cultural heritage and as a powerhouse for the future creativity that will enable our culture to be enriched.</p>
<p>If the Music Department closes, UEA will lose more than it seeks to gain.</p>
<p>By the way, I am not a musician. I am a scientist by training.</p>
<p><em>Kate Boursnell, Cambridge</em></p>
</blockquote>]]></content:encoded>
	<excerpt:encoded><![CDATA[Can you imagine living in a world without music and musical innovation? The work by everyone at the UEA Music Department significantly enhances the musical and broader arts culture of the City of Norwich, East Anglia, the UK and beyond. Universiti...]]></excerpt:encoded>	

	<wp:post_date>Sat Nov 26 14:17:00 -0800 2011</wp:post_date>
	<wp:post_date_gmt>Sat Nov 26 14:17:00 -0800 2011</wp:post_date_gmt>
	<wp:comment_status>open</wp:comment_status>
	<wp:ping_status>open</wp:ping_status>
	<wp:post_id>82217936</wp:post_id>
	<wp:post_name>kate-boursnell</wp:post_name>
	<wp:status>publish</wp:status>
	<wp:post_parent>0</wp:post_parent>
	<wp:menu_order>0</wp:menu_order>
	<wp:post_type>post</wp:post_type>
	<wp:post_password></wp:post_password>
	<wp:is_sticky>0</wp:is_sticky>

	
</item>
