<item>
	<title>Professor Julian Jacobson</title>
	<link>http://support.saveueamusic.org/professor-julian-jacobson</link>
	<pubDate>Sat Nov 26 14:21:00 -0800 2011</pubDate>
	
	<dc:creator><![CDATA[saveueamusic]]></dc:creator>
	
	

	<category><![CDATA[Uncategorized]]></category>

	<category domain="category" nicename="uncategorized"><![CDATA[Uncategorized]]></category>

  <guid isPermaLink="false">http://support.saveueamusic.org/professor-julian-jacobson</guid>
	<description></description>
	<content:encoded><![CDATA[<blockquote class="posterous_short_quote">
<p>I have always had the highest impression of and regard for the UEA Music Department and cannot imagine that it is not possible to reconsider and reverse this misguided decision.</p>
</blockquote>
<p><em>Professor Julian Jacobson, Royal College of Music, London</em></p>]]></content:encoded>
	<excerpt:encoded><![CDATA[I have always had the highest impression of and regard for the UEA Music Department and cannot imagine that it is not possible to reconsider and reverse this misguided decision. Professor Julian Jacobson, Royal College of Music, London]]></excerpt:encoded>	

	<wp:post_date>Sat Nov 26 14:21:00 -0800 2011</wp:post_date>
	<wp:post_date_gmt>Sat Nov 26 14:21:00 -0800 2011</wp:post_date_gmt>
	<wp:comment_status>open</wp:comment_status>
	<wp:ping_status>open</wp:ping_status>
	<wp:post_id>82219025</wp:post_id>
	<wp:post_name>professor-julian-jacobson</wp:post_name>
	<wp:status>publish</wp:status>
	<wp:post_parent>0</wp:post_parent>
	<wp:menu_order>0</wp:menu_order>
	<wp:post_type>post</wp:post_type>
	<wp:post_password></wp:post_password>
	<wp:is_sticky>0</wp:is_sticky>

	
</item>
