<item>
	<title>Stephen Roberts</title>
	<link>http://support.saveueamusic.org/stephen-roberts</link>
	<pubDate>Sat Nov 26 14:24:00 -0800 2011</pubDate>
	
	<dc:creator><![CDATA[saveueamusic]]></dc:creator>
	
	

	<category><![CDATA[Uncategorized]]></category>

	<category domain="category" nicename="uncategorized"><![CDATA[Uncategorized]]></category>

  <guid isPermaLink="false">http://support.saveueamusic.org/stephen-roberts</guid>
	<description></description>
	<content:encoded><![CDATA[<blockquote class="posterous_medium_quote">
<p>Irrespective of the subject a student may be studying at this university, I am convinced that their higher education will be lacking an essential element without the presence of an active music department that can inspire and unite students. What can anyone suggest that could in any way replace live music?</p>
</blockquote>
<p><em>Stephen Roberts, GRSM, ARCM, Oratorio, Royal College of Music, London</em></p>]]></content:encoded>
	<excerpt:encoded><![CDATA[Irrespective of the subject a student may be studying at this university, I am convinced that their higher education will be lacking an essential element without the presence of an active music department that can inspire and unite students. What ...]]></excerpt:encoded>	

	<wp:post_date>Sat Nov 26 14:24:00 -0800 2011</wp:post_date>
	<wp:post_date_gmt>Sat Nov 26 14:24:00 -0800 2011</wp:post_date_gmt>
	<wp:comment_status>open</wp:comment_status>
	<wp:ping_status>open</wp:ping_status>
	<wp:post_id>82219602</wp:post_id>
	<wp:post_name>stephen-roberts</wp:post_name>
	<wp:status>publish</wp:status>
	<wp:post_parent>0</wp:post_parent>
	<wp:menu_order>0</wp:menu_order>
	<wp:post_type>post</wp:post_type>
	<wp:post_password></wp:post_password>
	<wp:is_sticky>0</wp:is_sticky>

	
</item>
