<item>
	<title>Name supplied</title>
	<link>http://support.saveueamusic.org/name-supplied-59855</link>
	<pubDate>Sun Nov 27 06:06:00 -0800 2011</pubDate>
	
	<dc:creator><![CDATA[saveueamusic]]></dc:creator>
	
	

	<category><![CDATA[Uncategorized]]></category>

	<category domain="category" nicename="uncategorized"><![CDATA[Uncategorized]]></category>

  <guid isPermaLink="false">http://support.saveueamusic.org/name-supplied-59855</guid>
	<description></description>
	<content:encoded><![CDATA[<blockquote class="posterous_medium_quote">
<p>In 1987, I wrote in support of a campaign against a similar proposal, and all the things said then about the extent to which the School of Music interrelates with the region's cultural life are still true. These are tough times, but in tough times we all need friends: severing a longstanding, much-valued, link between the University and the musical community beyond its walls risks losing UEA some very good friends.</p>
</blockquote>
<p><em>Name supplied</em></p>]]></content:encoded>
	<excerpt:encoded><![CDATA[In 1987, I wrote in support of a campaign against a similar proposal, and all the things said then about the extent to which the School of Music interrelates with the region's cultural life are still true. These are tough times, but in tough times...]]></excerpt:encoded>	

	<wp:post_date>Sun Nov 27 06:06:00 -0800 2011</wp:post_date>
	<wp:post_date_gmt>Sun Nov 27 06:06:00 -0800 2011</wp:post_date_gmt>
	<wp:comment_status>open</wp:comment_status>
	<wp:ping_status>open</wp:ping_status>
	<wp:post_id>82395799</wp:post_id>
	<wp:post_name>name-supplied-59855</wp:post_name>
	<wp:status>publish</wp:status>
	<wp:post_parent>0</wp:post_parent>
	<wp:menu_order>0</wp:menu_order>
	<wp:post_type>post</wp:post_type>
	<wp:post_password></wp:post_password>
	<wp:is_sticky>0</wp:is_sticky>

	
</item>
