<item>
	<title>Michael Spring</title>
	<link>http://support.saveueamusic.org/michael-spring</link>
	<pubDate>Sun Nov 27 06:00:00 -0800 2011</pubDate>
	
	<dc:creator><![CDATA[saveueamusic]]></dc:creator>
	
	

	<category><![CDATA[Uncategorized]]></category>

	<category domain="category" nicename="uncategorized"><![CDATA[Uncategorized]]></category>

  <guid isPermaLink="false">http://support.saveueamusic.org/michael-spring</guid>
	<description></description>
	<content:encoded><![CDATA[<blockquote class="posterous_short_quote">
<p>24 years of employment at Hyperion Records Ltd are testimony to the benefit of a UEA MMus degree.</p>
</blockquote>
<p><em>Michael Spring,&nbsp;Hyperion Records</em></p>]]></content:encoded>
	<excerpt:encoded><![CDATA[24 years of employment at Hyperion Records Ltd are testimony to the benefit of a UEA MMus degree. Michael Spring, Hyperion Records]]></excerpt:encoded>	

	<wp:post_date>Sun Nov 27 06:00:00 -0800 2011</wp:post_date>
	<wp:post_date_gmt>Sun Nov 27 06:00:00 -0800 2011</wp:post_date_gmt>
	<wp:comment_status>open</wp:comment_status>
	<wp:ping_status>open</wp:ping_status>
	<wp:post_id>82394553</wp:post_id>
	<wp:post_name>michael-spring</wp:post_name>
	<wp:status>publish</wp:status>
	<wp:post_parent>0</wp:post_parent>
	<wp:menu_order>0</wp:menu_order>
	<wp:post_type>post</wp:post_type>
	<wp:post_password></wp:post_password>
	<wp:is_sticky>0</wp:is_sticky>

	
</item>
