<item>
	<title>Name supplied</title>
	<link>http://support.saveueamusic.org/name-supplied</link>
	<pubDate>Sun Nov 27 06:05:00 -0800 2011</pubDate>
	
	<dc:creator><![CDATA[saveueamusic]]></dc:creator>
	
	

	<category><![CDATA[Uncategorized]]></category>

	<category domain="category" nicename="uncategorized"><![CDATA[Uncategorized]]></category>

  <guid isPermaLink="false">http://support.saveueamusic.org/name-supplied</guid>
	<description></description>
	<content:encoded><![CDATA[<blockquote class="posterous_medium_quote">
<p>I am truly disgusted. The Guardian rankings that are described in the commentary should say it all - as an ex-student of another prestigious music department I am fully aware of the prioritisation of &nbsp;research over teaching, and felt it did not always benefit the students. The School should be very proud of their ranking in the Student Survey.&nbsp;</p>
<p>Sadly, I think it's probably best if you kept my name anonymous - my ex-lecturers might not appreciate the above comments! Good luck and you have my full support.</p>
</blockquote>
<p><em>Name supplied</em></p>]]></content:encoded>
	<excerpt:encoded><![CDATA[I am truly disgusted. The Guardian rankings that are described in the commentary should say it all - as an ex-student of another prestigious music department I am fully aware of the prioritisation of research over teaching, and felt it did not alw...]]></excerpt:encoded>	

	<wp:post_date>Sun Nov 27 06:05:00 -0800 2011</wp:post_date>
	<wp:post_date_gmt>Sun Nov 27 06:05:00 -0800 2011</wp:post_date_gmt>
	<wp:comment_status>open</wp:comment_status>
	<wp:ping_status>open</wp:ping_status>
	<wp:post_id>82395461</wp:post_id>
	<wp:post_name>name-supplied</wp:post_name>
	<wp:status>publish</wp:status>
	<wp:post_parent>0</wp:post_parent>
	<wp:menu_order>0</wp:menu_order>
	<wp:post_type>post</wp:post_type>
	<wp:post_password></wp:post_password>
	<wp:is_sticky>0</wp:is_sticky>

	
</item>
