<item>
	<title>Robin Browning</title>
	<link>http://support.saveueamusic.org/robin-browning</link>
	<pubDate>Sun Nov 27 06:33:00 -0800 2011</pubDate>
	
	<dc:creator><![CDATA[saveueamusic]]></dc:creator>
	
	

	<category><![CDATA[Uncategorized]]></category>

	<category domain="category" nicename="uncategorized"><![CDATA[Uncategorized]]></category>

  <guid isPermaLink="false">http://support.saveueamusic.org/robin-browning</guid>
	<description></description>
	<content:encoded><![CDATA[<blockquote class="posterous_medium_quote">
<p>In the nineties I spent a wonderful year studying at UEA's Music Department. Without its nurturing environment, I have no doubt that I wouldn't be the musician I am today. I refuse to believe it is necessary to close the department, that alternative solutions can't be found, and that it can't continue to thrive, grow, and change lives well into the future. Please end this narrow-minded thinking now.</p>
</blockquote>
<p><em>Robin Browning, Professional Conductor and Tutor, University of Southampton</em></p>]]></content:encoded>
	<excerpt:encoded><![CDATA[In the nineties I spent a wonderful year studying at UEA's Music Department. Without its nurturing environment, I have no doubt that I wouldn't be the musician I am today. I refuse to believe it is necessary to close the department, that alternati...]]></excerpt:encoded>	

	<wp:post_date>Sun Nov 27 06:33:00 -0800 2011</wp:post_date>
	<wp:post_date_gmt>Sun Nov 27 06:33:00 -0800 2011</wp:post_date_gmt>
	<wp:comment_status>open</wp:comment_status>
	<wp:ping_status>open</wp:ping_status>
	<wp:post_id>82401413</wp:post_id>
	<wp:post_name>robin-browning</wp:post_name>
	<wp:status>publish</wp:status>
	<wp:post_parent>0</wp:post_parent>
	<wp:menu_order>0</wp:menu_order>
	<wp:post_type>post</wp:post_type>
	<wp:post_password></wp:post_password>
	<wp:is_sticky>0</wp:is_sticky>

	
</item>
