<item>
	<title>Jane Manning OBE</title>
	<link>http://support.saveueamusic.org/jane-manning-obe</link>
	<pubDate>Sun Nov 27 10:39:00 -0800 2011</pubDate>
	
	<dc:creator><![CDATA[saveueamusic]]></dc:creator>
	
	

	<category><![CDATA[Uncategorized]]></category>

	<category domain="category" nicename="uncategorized"><![CDATA[Uncategorized]]></category>

  <guid isPermaLink="false">http://support.saveueamusic.org/jane-manning-obe</guid>
	<description></description>
	<content:encoded><![CDATA[<blockquote>
<p>As a native of Norwich, I left there just before the University came, and I have watched with great interest the development of the School of Music, which deservedly has attained and sustained a splendid reputation. I visit many other Music Schools in the course of my work and  find it unbelievable that the closure of the Music School should even be considered. My strongest suspicions regarding the criteria for favouring some aspects above others are reinforced by this - it seems to have very little to do with quality, as opposed to box-ticking on the most banal level. One should not have to explain why the creative arts, especially music, are of vital importance  to the whole community at large. The loss of this valuable Department is a shameful reflection of the skewed values to be observed in much of academe today.</p>
</blockquote>
<p><em>Jane Manning OBE, Soprano, Author and Visiting Professor, Royal College of Music</em></p>]]></content:encoded>
	<excerpt:encoded><![CDATA[As a native of Norwich, I left there just before the University came, and I have watched with great interest the development of the School of Music, which deservedly has attained and sustained a splendid reputation. I visit many other Music School...]]></excerpt:encoded>	

	<wp:post_date>Sun Nov 27 10:39:00 -0800 2011</wp:post_date>
	<wp:post_date_gmt>Sun Nov 27 10:39:00 -0800 2011</wp:post_date_gmt>
	<wp:comment_status>open</wp:comment_status>
	<wp:ping_status>open</wp:ping_status>
	<wp:post_id>82438021</wp:post_id>
	<wp:post_name>jane-manning-obe</wp:post_name>
	<wp:status>publish</wp:status>
	<wp:post_parent>0</wp:post_parent>
	<wp:menu_order>0</wp:menu_order>
	<wp:post_type>post</wp:post_type>
	<wp:post_password></wp:post_password>
	<wp:is_sticky>0</wp:is_sticky>

	
</item>
