<item>
	<title>Patricia Cummings</title>
	<link>http://support.saveueamusic.org/patricia-cummings</link>
	<pubDate>Sun Nov 27 11:58:00 -0800 2011</pubDate>
	
	<dc:creator><![CDATA[saveueamusic]]></dc:creator>
	
	

	<category><![CDATA[Uncategorized]]></category>

	<category domain="category" nicename="uncategorized"><![CDATA[Uncategorized]]></category>

  <guid isPermaLink="false">http://support.saveueamusic.org/patricia-cummings</guid>
	<description></description>
	<content:encoded><![CDATA[<blockquote class="posterous_medium_quote">
<p>Music is fundamental to our human survival. To strip the knowledge creators, the composers, the performers, the continuing research into the social, historical, anthropological, educational (you name it!) power/benefits/role of music is the mark of a decline in our culture.  PLEASE look at the long term benefit of music education. The graduates and postgraduates on the music course are our future musical leaders. Don't deny our society their talents and knowledge.</p>
</blockquote>
<p><em>Patricia Cummings, London</em></p>]]></content:encoded>
	<excerpt:encoded><![CDATA[Music is fundamental to our human survival. To strip the knowledge creators, the composers, the performers, the continuing research into the social, historical, anthropological, educational (you name it!) power/benefits/role of music is the mark o...]]></excerpt:encoded>	

	<wp:post_date>Sun Nov 27 11:58:00 -0800 2011</wp:post_date>
	<wp:post_date_gmt>Sun Nov 27 11:58:00 -0800 2011</wp:post_date_gmt>
	<wp:comment_status>open</wp:comment_status>
	<wp:ping_status>open</wp:ping_status>
	<wp:post_id>82443749</wp:post_id>
	<wp:post_name>patricia-cummings</wp:post_name>
	<wp:status>publish</wp:status>
	<wp:post_parent>0</wp:post_parent>
	<wp:menu_order>0</wp:menu_order>
	<wp:post_type>post</wp:post_type>
	<wp:post_password></wp:post_password>
	<wp:is_sticky>0</wp:is_sticky>

	
</item>
