<item>
	<title>The Reverend Nicholas Parry</title>
	<link>http://support.saveueamusic.org/the-reverend-nicholas-parry</link>
	<pubDate>Sun Nov 27 11:53:00 -0800 2011</pubDate>
	
	<dc:creator><![CDATA[saveueamusic]]></dc:creator>
	
	

	<category><![CDATA[Uncategorized]]></category>

	<category domain="category" nicename="uncategorized"><![CDATA[Uncategorized]]></category>

  <guid isPermaLink="false">http://support.saveueamusic.org/the-reverend-nicholas-parry</guid>
	<description></description>
	<content:encoded><![CDATA[<blockquote class="posterous_medium_quote">
<p>This is a decision which is unjust and narrow minded. We don't need less musical education in Norfolk but more. There can be unforeseen effects on the  closure of University departments, such as the effects on school music and the attraction to Norwich of able musicians to influence the wider community.</p>
</blockquote>
<p><em>The Reverend Nicholas Parry</em></p>]]></content:encoded>
	<excerpt:encoded><![CDATA[This is a decision which is unjust and narrow minded. We don't need less musical education in Norfolk but more. There can be unforeseen effects on the closure of University departments, such as the effects on school music and the attraction to Nor...]]></excerpt:encoded>	

	<wp:post_date>Sun Nov 27 11:53:00 -0800 2011</wp:post_date>
	<wp:post_date_gmt>Sun Nov 27 11:53:00 -0800 2011</wp:post_date_gmt>
	<wp:comment_status>open</wp:comment_status>
	<wp:ping_status>open</wp:ping_status>
	<wp:post_id>82443485</wp:post_id>
	<wp:post_name>the-reverend-nicholas-parry</wp:post_name>
	<wp:status>publish</wp:status>
	<wp:post_parent>0</wp:post_parent>
	<wp:menu_order>0</wp:menu_order>
	<wp:post_type>post</wp:post_type>
	<wp:post_password></wp:post_password>
	<wp:is_sticky>0</wp:is_sticky>

	
</item>
